0,737425,737426,737427,737428,737429,737430,737431,737432,737433,737434,737435,737436,737437,737438,737439,737440,737441,737442,737443,737444,737445,737446,737447,737448,737449,737450,737451,737452,737453,737454,737455,737456,737457,737458,737459,737460,737461,737462,737463,737464,737465,737466,737467,737468,737469,737470,737471,737472,737473,737474,737475,737476,737477,737478,737479,737480,737481,737482,737483,737484,737485,737486,737487,737488,737489,737490,737491,737492,737493,737494,737495,737496,737497,737498,737499,737500,737501,737502,737503,737504,737505,737506,737507,737508,737509,737510,737511,737512,737513,737514,737515,737516,737517,737518,737519,737520,737521,737522,737523,737524,737525,737526,737527,737528,737529,737530,737531,737532,737533,737534
1001,0,0,0,0,0,0,0,0,0,0,0,0,0,0,0,0,0,0,0,0,0,0,0,0,0,0,0,0,0,0,0,0,0,0,0,0,0,0,0,0,0,0,0,0,0,0,0,0,0,0,0,0,0,0,0,0,0,0,0,0,0,0,0,0,0,0,0,0,0,0,0,0,0,4,0,0,0,2,4,3,1,0,0,1,0,4,1,2,1,1,2,0,0,2,1,0,1,1,0,1,1,0,0,0,0,0,0,0,0,0
1002,0,0,0,0,0,0,0,0,0,0,0,0,0,0,0,0,0,0,0,0,0,0,0,0,0,0,0,0,0,0,0,0,0,0,0,0,0,0,0,0,0,0,0,0,0,0,0,0,0,0,0,0,0,0,0,0,0,0,0,0,0,0,0,0,0,0,0,0,0,3,4,4,1,1,0,5,2,5,9,3,2,2,11,11,6,6,12,11,14,9,3,12,10,10,3,4,4,3,5,11,6,2,0,3,1,9,9,2,3,0
1003,0,0,0,0,0,0,0,0,0,0,0,0,0,0,0,0,0,0,0,0,0,0,0,0,0,0,0,0,0,0,0,0,0,0,0,0,0,0,0,0,0,0,0,0,0,0,0,0,0,0,0,0,0,0,0,0,0,0,0,1,0,0,0,0,0,0,0,1,0,0,5,1,1,0,0,0,2,5,4,18,0,0,23,2,8,1,3,8,0,5,5,4,0,3,0,9,0,6,0,14,1,6,1,10,3,1,1,2,0,0
1004,0,0,0,0,0,0,0,0,0,0,0,0,0,0,0,0,0,0,0,0,0,0,0,0,0,0,0,0,0,0,0,0,0,0,0,0,0,0,0,0,0,0,0,0,0,0,0,0,0,0,0,0,0,0,0,0,0,0,0,0,0,0,0,0,0,0,0,0,0,0,0,0,0,0,0,1,0,4,0,2,0,0,3,2,1,0,2,0,0,5,5,0,4,1,0,2,2,0,2,5,1,0,0,0,0,1,3,3,1,0
1051,0,0,0,0,0,0,0,0,0,0,0,0,0,0,0,0,0,0,0,0,0,0,0,0,0,0,0,0,0,0,0,0,0,0,0,0,0,0,0,0,0,0,0,0,0,0,0,0,0,0,0,0,0,0,0,0,0,0,0,0,0,0,0,0,1,0,0,0,0,0,0,0,0,0,5,0,0,5,1,3,0,0,1,1,2,2,3,0,0,3,1,2,4,4,2,1,0,2,6,2,0,1,1,0,1,0,0,0,0,0
1053,0,0,0,0,0,0,0,0,0,0,0,0,0,0,0,0,0,0,0,0,0,0,0,0,0,0,0,0,0,0,0,0,0,0,0,0,0,0,0,0,0,0,0,0,0,0,0,0,0,0,0,0,0,0,0,0,0,0,0,0,0,1,0,0,0,0,0,0,0,2,2,1,4,0,0,3,4,4,3,0,12,4,7,5,7,12,9,0,0,12,20,3,21,11,8,0,7,10,4,7,0,14,0,6,1,8,10,3,10,0
1054,0,0,0,0,0,0,0,0,0,0,0,0,0,0,0,0,0,0,0,0,0,0,0,0,0,0,0,0,0,0,0,0,0,0,0,0,0,0,0,0,0,0,0,0,0,0,0,0,0,0,0,0,0,0,0,0,0,0,0,0,0,0,0,0,0,0,0,0,0,0,0,1,0,0,0,0,8,1,2,3,2,1,2,2,2,3,5,4,3,1,1,2,3,0,1,0,3,0,6,5,2,1,1,2,0,1,0,1,0,0
1055,0,0,0,0,0,0,0,0,0,0,0,0,0,0,0,0,0,0,0,0,0,0,0,0,0,0,0,0,0,0,0,0,0,0,0,0,0,0,0,0,0,0,0,0,0,0,0,0,0,0,0,0,0,0,0,0,0,0,0,0,0,0,0,0,0,0,0,0,0,1,0,0,0,0,2,1,0,2,5,0,1,0,3,3,4,1,0,2,4,5,6,4,3,4,0,1,0,0,2,1,2,1,0,0,0,0,1,0,0,0
1056,0,0,0,0,0,0,0,0,0,0,0,0,0,0,0,0,0,0,0,0,0,0,0,0,0,0,0,0,0,0,0,0,0,0,0,0,0,0,0,0,0,0,0,0,0,0,0,0,0,0,0,0,0,0,0,0,0,0,0,0,0,0,1,0,0,1,0,0,1,1,5,2,9,7,3,6,15,7,8,14,10,10,10,26,17,14,26,15,8,9,18,34,11,42,20,12,14,44,23,16,8,2,5,1,4,5,1,6,1,0
1057,0,0,0,0,0,0,0,0,0,0,0,0,0,0,0,0,0,0,0,0,0,0,0,0,0,0,0,0,0,0,0,0,0,0,0,0,0,0,0,0,0,0,0,0,0,0,0,0,0,0,0,0,0,0,0,0,0,0,0,0,0,0,0,0,0,0,0,0,2,0,0,0,0,3,0,2,1,2,1,1,3,4,5,7,7,7,4,4,0,3,2,6,5,3,1,2,5,3,6,4,1,5,2,0,0,0,3,0,0,0
1058,0,0,0,0,0,0,0,0,0,0,0,0,0,0,0,0,0,0,0,0,0,0,0,0,0,0,0,0,0,0,0,0,0,0,0,0,0,0,0,0,0,0,0,0,0,0,0,0,0,0,0,0,0,0,0,0,0,0,0,0,0,0,0,0,0,0,0,0,0,0,2,3,4,1,4,1,4,5,3,7,3,4,9,14,14,16,11,11,1,12,3,7,10,7,9,0,6,6,7,5,4,3,1,0,0,4,7,4,2,2
1059,0,0,0,0,0,0,0,0,0,0,0,0,0,0,0,0,0,0,0,0,0,0,0,0,0,0,0,0,0,0,0,0,0,0,0,0,0,0,0,0,0,0,0,0,0,0,0,0,0,0,0,0,0,0,0,0,0,0,0,0,0,0,0,0,0,0,0,0,0,0,1,2,3,4,5,1,1,3,2,2,1,3,1,6,2,9,10,9,1,2,11,3,9,3,2,0,0,5,3,3,1,2,2,0,0,1,2,1,1,0
1060,0,0,0,0,0,0,0,0,0,0,0,0,0,0,0,0,0,0,0,0,0,0,0,0,0,0,0,0,0,0,0,0,0,0,0,0,0,0,0,0,0,0,0,0,0,0,0,0,0,0,0,0,0,0,0,0,0,0,1,0,0,0,0,0,0,1,0,0,0,0,0,2,0,2,0,4,4,4,4,5,2,1,4,9,5,7,8,9,7,1,13,16,10,14,8,2,9,12,7,8,4,1,2,6,3,4,3,2,3,0
1061,0,0,0,0,0,0,0,0,0,0,0,0,0,0,0,0,0,0,0,0,0,0,0,0,0,0,0,0,0,0,0,0,0,0,0,0,0,0,0,0,0,0,0,0,0,0,0,0,0,0,0,0,0,0,0,0,0,0,0,0,0,0,0,0,0,0,0,0,0,0,0,0,2,1,0,0,0,0,4,5,0,0,7,1,3,5,8,0,0,4,3,7,2,1,1,0,6,5,4,2,2,0,0,0,0,2,1,1,0,2
1062,0,0,0,0,0,0,0,0,0,0,0,0,0,0,0,0,0,0,0,0,0,0,0,0,0,0,0,0,0,0,0,0,0,0,0,0,0,0,0,0,0,0,0,0,0,0,0,0,0,0,0,0,0,0,0,0,0,0,0,0,0,1,0,0,0,0,0,0,0,0,0,2,3,1,1,4,6,5,10,13,11,5,7,11,10,9,14,9,5,6,13,10,15,8,12,3,3,4,11,10,1,3,1,69,5,5,10,10,6,0
2000,0,0,0,0,0,0,0,0,0,0,0,0,0,0,0,0,0,0,0,0,0,0,0,0,0,0,0,0,0,0,0,0,0,0,0,0,0,0,0,0,0,0,0,0,0,0,0,0,0,0,0,0,0,0,0,0,0,0,0,1,1,0,2,3,6,3,3,5,20,26,29,42,33,75,73,72,133,128,194,138,110,144,129,175,140,145,139,144,109,73,148,127,166,151,107,105,106,187,106,118,98,79,44,42,57,74,62,88,24,1
3101,0,0,0,0,0,0,0,0,0,0,0,0,0,0,0,0,0,0,0,0,0,0,0,0,0,0,0,0,0,0,0,0,0,0,0,0,0,0,0,0,0,0,0,0,0,0,0,0,0,0,0,0,0,0,0,0,0,0,0,0,0,0,0,0,1,0,0,0,0,0,1,0,0,3,2,0,3,2,5,8,4,26,2,16,6,14,15,29,6,3,20,18,23,10,5,6,2,9,4,23,3,1,2,2,4,4,3,2,2,0
3102,0,0,0,0,0,0,0,0,0,0,0,0,0,0,0,0,0,0,0,0,0,0,0,0,0,0,0,0,0,0,0,0,0,0,0,0,0,0,0,0,0,0,0,0,0,0,0,0,0,0,0,0,0,0,0,0,0,0,0,0,0,0,0,0,0,0,0,0,0,0,1,0,1,0,0,0,2,3,2,8,6,1,2,4,3,8,3,0,5,3,5,3,3,3,3,2,0,13,5,4,3,0,0,2,2,5,3,3,2,0
3103,0,0,0,0,0,0,0,0,0,0,0,0,0,0,0,0,0,0,0,0,0,0,0,0,0,0,0,0,0,0,0,0,0,0,0,0,0,0,0,0,0,0,0,0,0,0,0,0,0,0,0,0,0,0,0,0,0,0,0,0,0,0,0,0,0,0,0,0,0,0,0,0,3,0,0,0,1,4,2,5,4,8,2,5,13,6,63,29,19,0,19,8,25,3,3,0,2,2,6,9,7,1,1,0,0,3,4,10,4,0
3151,0,0,0,0,0,0,0,0,0,0,0,0,0,0,0,0,0,0,0,0,0,0,0,0,0,0,0,0,0,0,0,0,0,0,0,0,0,0,0,0,0,0,0,0,0,0,0,0,0,0,0,0,0,0,0,0,0,0,0,0,0,0,0,0,0,0,0,0,0,0,2,3,2,0,0,9,6,1,4,5,2,1,3,1,4,5,3,10,0,8,9,6,2,5,3,1,3,5,1,1,0,0,3,0,2,4,5,2,0,0
3153,0,0,0,0,0,0,0,0,0,0,0,0,0,0,0,0,0,0,0,0,0,0,0,0,0,0,0,0,0,0,0,0,0,0,0,0,0,0,0,0,0,0,0,0,0,0,0,0,0,0,0,0,0,0,0,0,0,0,0,0,0,0,0,0,0,0,0,0,0,0,0,0,5,2,0,0,2,5,2,2,3,0,1,8,6,9,6,0,0,7,1,1,10,4,8,5,0,3,8,14,0,0,0,0,10,9,4,5,0,0
3154,0,0,0,0,0,0,0,0,0,0,0,0,0,0,0,0,0,0,0,0,0,0,0,0,0,0,0,0,0,0,0,0,0,0,0,0,0,0,0,0,0,0,0,0,0,0,0,0,0,0,0,0,0,0,0,0,0,0,0,0,0,0,0,0,0,0,0,0,0,0,0,0,2,0,0,0,0,5,1,3,5,2,2,4,4,11,6,7,2,5,5,9,0,3,3,0,2,1,3,4,0,2,1,0,0,0,2,4,0,0
3155,0,0,0,0,0,0,0,0,0,0,0,0,0,0,0,0,0,0,0,0,0,0,0,0,0,0,0,0,0,0,0,0,0,0,0,0,0,0,0,0,0,0,0,0,0,0,0,0,0,0,0,0,0,0,0,0,0,0,0,0,0,0,0,0,0,0,0,0,0,0,3,1,0,0,0,0,1,2,3,3,0,0,5,4,0,3,3,0,2,4,1,3,2,3,4,0,5,0,4,1,4,2,9,0,2,5,6,5,2,0
3157,0,0,0,0,0,0,0,0,0,0,0,0,0,0,0,0,0,0,0,0,0,0,0,0,0,0,0,0,0,0,0,0,0,0,0,0,0,0,0,0,0,0,0,0,0,0,0,0,0,0,0,0,0,0,0,0,0,0,0,0,0,0,0,0,0,0,0,0,0,0,0,0,2,0,0,0,6,1,4,2,5,1,2,2,6,9,7,12,2,18,10,5,5,6,4,0,0,7,5,3,0,2,0,0,1,3,0,2,0,0
3158,0,0,0,0,0,0,0,0,0,0,0,0,0,0,0,0,0,0,0,0,0,0,0,0,0,0,0,0,0,0,0,0,0,0,0,0,0,0,0,0,0,0,0,0,0,0,0,0,0,0,0,0,0,0,0,0,0,0,0,0,0,0,0,0,0,0,0,0,0,0,0,0,0,0,0,0,1,1,1,1,0,0,4,8,5,6,5,0,0,3,3,7,8,7,0,2,14,4,5,7,16,1,0,0,5,6,8,11,1,2
3159,0,0,0,0,0,0,0,0,0,0,0,0,0,0,0,0,0,0,0,0,0,0,0,0,0,0,0,0,0,0,0,0,0,0,0,0,0,0,0,0,0,0,0,0,0,0,0,0,0,0,0,0,0,0,0,0,0,0,0,0,0,0,0,0,0,0,0,0,0,0,0,4,0,2,2,4,5,19,7,8,9,4,11,7,9,15,18,9,27,12,10,22,21,22,14,24,9,17,22,9,33,11,54,14,4,48,0,0,0,0
3241,0,0,0,0,0,0,0,0,0,0,0,0,0,0,0,0,0,0,0,0,0,0,0,0,0,0,0,0,0,0,0,0,0,0,0,0,0,0,0,0,0,0,0,0,0,0,0,0,0,0,0,0,0,0,0,0,0,0,0,0,1,0,1,1,0,2,1,1,2,6,6,24,10,9,11,26,32,71,40,60,30,5,41,70,101,83,51,45,49,59,45,80,51,58,30,22,37,77,79,75,24,20,23,9,41,25,45,50,30,0
3251,0,0,0,0,0,0,0,0,0,0,0,0,0,0,0,0,0,0,0,0,0,0,0,0,0,0,0,0,0,0,0,0,0,0,0,0,0,0,0,0,0,0,0,0,0,0,0,0,0,0,0,0,0,0,0,0,0,0,0,0,0,0,0,0,0,0,0,0,0,1,10,5,3,0,4,1,0,7,8,22,0,6,18,12,2,10,8,9,3,10,8,15,18,18,4,1,7,7,16,14,1,2,4,2,7,6,5,7,6,0
3252,0,0,0,0,0,0,0,0,0,0,0,0,0,0,0,0,0,0,0,0,0,0,0,0,0,0,0,0,0,0,0,0,0,0,0,0,0,0,0,0,0,0,0,0,0,0,0,0,0,0,0,0,0,0,0,0,0,0,0,0,0,0,0,0,0,0,0,0,0,1,0,1,0,1,1,5,0,4,5,5,3,0,1,1,4,4,4,8,0,7,16,6,1,4,6,0,0,2,1,2,1,0,0,2,1,2,3,1,1,0
3254,0,0,0,0,0,0,0,0,0,0,0,0,0,0,0,0,0,0,0,0,0,0,0,0,0,0,0,0,0,0,0,0,0,0,0,0,0,0,0,0,0,0,0,0,0,0,0,0,0,0,0,0,0,0,0,0,0,0,0,0,0,0,0,0,0,0,1,0,2,0,0,4,4,2,5,1,17,17,15,4,14,0,10,11,4,10,9,6,1,3,10,10,10,8,6,0,3,9,6,4,6,4,1,2,0,11,11,8,7,0
3255,0,0,0,0,0,0,0,0,0,0,0,0,0,0,0,0,0,0,0,0,0,0,0,0,0,0,0,0,0,0,0,0,0,0,0,0,0,0,0,0,0,0,0,0,0,0,0,0,0,0,0,0,0,0,0,0,0,0,0,0,0,0,0,0,0,0,0,0,0,0,2,0,0,4,5,2,2,1,6,3,4,0,1,5,2,4,5,2,0,8,7,8,3,2,3,0,0,1,11,1,0,3,0,0,0,3,1,0,1,0
3256,0,0,0,0,0,0,0,0,0,0,0,0,0,0,0,0,0,0,0,0,0,0,0,0,0,0,0,0,0,0,0,0,0,0,0,0,0,0,0,0,0,0,0,0,0,0,0,0,0,0,0,0,0,0,0,0,0,0,0,0,0,0,0,0,0,0,0,0,0,0,2,0,0,0,2,2,1,2,3,3,1,1,2,2,1,3,0,1,1,1,7,4,0,2,8,2,0,1,3,4,0,0,0,0,0,2,0,1,0,0
3257,0,0,0,0,0,0,0,0,0,0,0,0,0,0,0,0,0,0,0,0,0,0,0,0,0,0,0,0,0,0,0,0,0,0,0,0,0,0,0,0,0,0,0,0,0,0,0,0,0,0,0,0,0,0,0,0,0,0,0,0,0,0,0,0,0,0,0,0,0,0,0,2,0,1,0,2,7,7,3,4,2,0,2,6,7,4,5,0,0,1,4,3,4,13,3,0,3,8,15,7,7,2,1,1,2,7,3,1,3,0
3351,0,0,0,0,0,0,0,0,0,0,0,0,0,0,0,0,0,0,0,0,0,0,0,0,0,0,0,0,0,0,0,0,0,0,0,0,0,0,0,0,0,0,0,0,0,0,0,0,0,0,0,0,0,0,0,0,0,0,0,0,0,0,0,0,3,0,0,0,1,1,1,0,2,0,0,5,6,4,1,4,1,0,8,6,8,9,8,2,1,12,8,4,2,3,4,0,4,1,6,4,4,1,4,1,5,7,2,1,2,0
3352,0,0,0,0,0,0,0,0,0,0,0,0,0,0,0,0,0,0,0,0,0,0,0,0,0,0,0,0,0,0,0,0,0,0,0,0,0,0,0,0,0,0,0,0,0,0,0,0,0,0,0,0,0,0,0,0,0,0,0,0,0,2,2,0,0,0,0,0,0,0,1,0,1,0,0,1,7,5,6,1,0,0,13,2,0,5,3,0,0,5,1,4,0,3,0,0,3,5,2,2,0,1,0,0,2,1,0,0,0,0
3353,0,0,0,0,0,0,0,0,0,0,0,0,0,0,0,0,0,0,0,0,0,0,0,0,0,0,0,0,0,0,0,0,0,0,0,0,0,0,0,0,0,0,0,0,0,0,0,0,0,0,0,0,0,0,0,0,0,0,0,0,0,0,0,0,0,3,0,0,0,0,0,8,2,3,4,1,14,7,20,13,15,4,4,8,19,12,2,15,1,14,25,22,13,39,6,1,21,12,15,22,11,12,3,1,11,6,13,23,1,0
3354,0,0,0,0,0,0,0,0,0,0,0,0,0,0,0,0,0,0,0,0,0,0,0,0,0,0,0,0,0,0,0,0,0,0,0,0,0,0,0,0,0,0,0,0,0,0,0,0,0,0,0,0,0,0,0,0,0,0,0,0,0,0,0,0,0,0,0,0,0,0,0,0,0,0,0,0,0,0,1,5,0,0,0,0,1,0,2,0,0,0,0,1,1,1,1,0,1,0,0,0,0,0,0,0,0,1,0,0,0,0
3355,0,0,0,0,0,0,0,0,0,0,0,0,0,0,0,0,0,0,0,0,0,0,0,0,0,0,0,0,0,0,0,0,0,0,0,0,0,0,0,0,0,0,0,0,0,0,0,0,0,0,0,0,0,0,0,0,0,0,0,0,0,0,0,0,0,0,0,0,0,0,1,0,2,0,0,2,18,6,13,11,8,0,1,4,4,2,4,6,0,2,12,10,5,5,4,0,4,3,6,4,2,0,1,0,5,3,6,3,0,0
3356,0,0,0,0,0,0,0,0,0,0,0,0,0,0,0,0,0,0,0,0,0,0,0,0,0,0,0,0,0,0,0,0,0,0,0,0,0,0,0,0,0,0,0,0,0,0,0,0,0,0,0,0,0,0,0,0,0,0,0,0,0,0,0,0,0,0,0,0,0,6,4,0,3,1,0,7,1,0,2,1,1,0,2,2,2,4,8,2,0,3,1,5,2,0,0,0,3,0,4,0,1,3,1,0,2,1,1,0,0,0
3357,0,0,0,0,0,0,0,0,0,0,0,0,0,0,0,0,0,0,0,0,0,0,0,0,0,0,0,0,0,0,0,0,0,0,0,0,0,0,0,0,0,0,0,0,0,0,0,0,0,0,0,0,0,0,0,0,0,0,0,0,0,0,2,0,0,0,0,0,1,2,0,0,0,6,0,5,0,2,2,3,2,2,2,3,2,9,0,4,1,1,1,5,4,0,6,1,0,2,3,1,2,0,5,1,1,4,3,2,0,0
3358,0,0,0,0,0,0,0,0,0,0,0,0,0,0,0,0,0,0,0,0,0,0,0,0,0,0,0,0,0,0,0,0,0,0,0,0,0,0,0,0,0,0,0,0,0,0,0,0,0,0,0,0,0,0,0,0,0,0,0,0,0,0,0,0,0,0,0,0,0,0,0,0,1,0,0,0,0,1,2,0,2,0,1,3,0,6,5,1,2,1,3,2,3,5,4,1,1,0,5,3,0,3,0,0,1,2,2,1,0,0
3359,0,0,0,0,0,0,0,0,0,0,0,0,0,0,0,0,0,0,0,0,0,0,0,0,0,0,0,0,0,0,0,0,0,0,0,0,0,0,0,0,0,0,0,0,0,0,0,0,0,0,0,0,0,0,0,0,0,0,0,0,0,0,0,0,1,1,3,0,0,6,3,1,3,4,1,4,4,3,9,8,4,5,8,7,11,14,5,5,1,7,2,7,10,9,6,1,0,8,2,3,5,0,3,1,2,1,0,0,2,0
3360,0,0,0,0,0,0,0,0,0,0,0,0,0,0,0,0,0,0,0,0,0,0,0,0,0,0,0,0,0,0,0,0,0,0,0,0,0,0,0,0,0,0,0,0,0,0,0,0,0,0,0,0,0,0,0,0,0,0,0,0,0,0,0,0,0,0,0,0,0,0,1,0,0,0,0,0,0,2,2,2,0,3,1,0,3,0,4,0,0,3,4,1,0,2,1,0,0,0,2,2,0,0,1,0,0,0,5,0,0,0
3361,0,0,0,0,0,0,0,0,0,0,0,0,0,0,0,0,0,0,0,0,0,0,0,0,0,0,0,0,0,0,0,0,0,0,0,0,0,0,0,0,0,0,0,0,0,0,0,0,0,0,0,0,0,0,0,0,0,0,0,0,0,0,0,0,0,0,0,0,0,3,2,1,2,2,0,1,2,7,1,4,1,0,9,1,2,4,7,7,0,1,15,7,2,14,0,0,6,4,1,0,1,0,0,0,2,1,2,0,0,0
3401,0,0,0,0,0,0,0,0,0,0,0,0,0,0,0,0,0,0,0,0,0,0,0,0,0,0,0,0,0,0,0,0,0,0,1,0,0,0,0,0,0,0,0,0,0,0,0,0,0,0,0,0,0,0,0,0,0,0,0,0,0,0,0,0,0,0,0,0,0,0,4,0,0,0,0,0,1,0,3,0,0,0,4,0,2,1,1,0,2,1,3,0,1,1,1,0,0,0,1,1,0,0,0,2,0,1,1,0,1,0
3402,0,0,0,0,0,0,0,0,0,0,0,0,0,0,0,0,0,0,0,0,0,0,0,0,0,0,0,0,0,0,0,0,0,0,0,0,0,0,0,0,0,0,0,0,0,0,0,0,0,0,0,0,0,0,0,0,0,0,0,0,0,0,0,0,0,0,0,0,0,0,3,0,0,0,0,1,3,0,0,0,0,0,0,0,0,0,0,0,0,0,1,0,0,1,2,0,1,0,2,0,0,0,0,0,0,1,0,0,0,0
3403,0,0,0,0,0,0,0,0,0,0,0,0,0,0,0,0,0,0,0,0,0,0,0,0,0,0,0,0,0,0,0,0,0,0,0,0,0,0,0,0,0,0,0,0,0,0,0,0,0,0,0,0,0,0,0,0,0,0,0,0,0,0,0,1,0,0,0,0,0,0,1,5,4,4,0,3,0,1,3,7,0,0,18,6,5,1,12,6,6,4,2,6,11,5,17,2,3,0,2,4,2,1,2,4,1,1,1,0,0,0
3404,0,0,0,0,0,0,0,0,0,0,0,0,0,0,0,0,0,0,0,0,0,0,0,0,0,0,0,0,0,0,0,0,0,0,0,0,0,0,0,0,0,0,0,0,0,0,0,0,0,0,0,0,0,0,0,0,0,0,0,0,0,0,0,0,0,0,0,0,2,3,0,3,11,0,1,28,8,15,22,6,9,10,10,19,16,13,10,19,7,19,10,3,10,14,11,14,17,25,16,9,8,9,2,4,3,5,9,9,0,0
3405,0,0,0,0,0,0,0,0,0,0,0,0,0,0,0,0,0,0,0,0,0,0,0,0,0,0,0,0,0,0,0,0,0,0,0,0,0,0,0,0,0,0,0,0,0,0,0,0,0,0,0,0,0,0,0,0,0,0,0,0,0,0,0,0,0,0,2,0,0,1,0,0,1,1,0,0,0,0,0,1,0,0,0,0,0,0,0,0,0,1,0,1,1,3,0,1,0,1,0,0,0,1,0,0,1,0,1,0,0,0
3451,0,0,0,0,0,0,0,0,0,0,0,0,0,0,0,0,0,0,0,0,0,0,0,0,0,0,0,0,0,0,0,0,0,0,0,0,0,0,0,0,0,0,0,0,0,0,0,0,0,0,0,0,0,0,0,0,0,0,0,0,0,0,1,0,0,0,0,0,1,1,0,2,1,0,1,2,5,0,3,3,3,4,5,4,10,9,9,14,0,2,7,3,7,9,1,1,5,6,6,4,0,0,6,2,1,7,6,0,0,0
3452,0,0,0,0,0,0,0,0,0,0,0,0,0,0,0,0,0,0,0,0,0,0,0,0,0,0,0,0,0,0,0,0,0,0,0,0,0,0,0,0,0,0,0,0,0,0,0,0,0,0,0,0,0,0,0,0,0,0,0,0,0,0,0,0,0,0,0,0,0,1,2,0,7,0,3,3,0,4,2,4,0,1,2,0,4,3,4,0,5,9,3,5,3,0,0,1,0,1,3,1,0,0,0,0,1,0,0,0,0,0
3453,0,0,0,0,0,0,0,0,0,0,0,0,0,0,0,0,0,0,0,0,0,0,0,0,0,0,0,0,0,0,0,0,0,0,0,0,0,0,0,0,0,0,0,0,0,0,0,0,0,0,0,0,0,0,0,0,0,0,0,0,0,0,0,0,0,0,0,0,0,0,1,1,0,1,0,1,0,0,3,3,1,2,1,8,4,5,3,1,4,1,2,0,3,4,3,2,1,1,2,7,11,8,0,0,2,1,1,0,0,0
3454,0,0,0,0,0,0,0,0,0,0,0,0,0,0,0,0,0,0,0,0,0,0,0,0,0,0,0,0,0,0,0,0,0,0,0,0,0,0,0,0,0,0,0,0,0,0,0,0,0,0,0,0,0,0,0,0,0,0,0,0,0,0,0,0,0,0,0,0,1,1,1,1,5,10,7,4,1,11,9,10,1,4,6,15,14,10,19,6,3,7,15,8,9,8,10,2,14,31,9,11,31,4,11,7,13,10,20,4,1,0
3455,0,0,0,0,0,0,0,0,0,0,0,0,0,0,0,0,0,0,0,0,0,0,0,0,0,0,0,0,0,0,0,0,0,0,0,0,0,0,0,0,0,0,0,0,0,0,0,0,0,0,0,0,0,0,0,0,0,0,0,0,0,0,0,0,0,0,0,2,0,0,0,0,1,0,0,0,0,0,0,0,2,1,0,1,2,0,1,0,0,2,3,2,0,5,0,0,1,0,0,0,1,1,2,0,0,0,1,1,0,0
3456,0,0,0,0,0,0,0,0,0,0,0,0,0,0,0,0,0,0,0,0,0,0,0,0,0,0,0,0,0,0,0,0,0,0,0,0,0,0,0,0,0,0,0,0,0,0,0,0,0,0,0,0,0,0,0,0,0,0,0,0,0,0,0,1,0,0,0,0,0,0,0,2,1,0,1,0,0,6,5,9,4,0,0,6,12,8,10,14,2,4,6,7,10,11,7,2,4,13,5,7,12,4,1,2,8,0,13,4,2,2
3457,0,0,0,0,0,0,0,0,0,0,0,0,0,0,0,0,0,0,0,0,0,0,0,0,0,0,0,0,0,0,0,0,0,0,0,0,0,0,0,0,0,0,0,0,0,0,0,0,0,0,0,0,0,0,0,0,0,0,0,0,0,0,0,1,0,0,0,0,0,0,0,0,0,0,2,0,0,7,2,0,1,1,0,3,5,3,3,5,1,4,3,3,4,5,1,5,3,0,1,3,0,1,2,2,1,4,3,2,3,1
3458,0,0,0,0,0,0,0,0,0,0,0,0,0,0,0,0,0,0,0,0,0,0,0,0,0,0,0,0,0,0,0,0,0,0,0,0,0,0,0,0,0,0,0,0,0,0,0,0,0,0,0,0,0,0,0,0,0,0,0,0,0,0,0,0,0,0,0,0,1,2,1,0,0,0,0,3,2,2,3,3,6,1,3,7,10,10,9,44,1,5,5,20,11,5,5,1,0,7,4,3,2,3,0,0,1,3,3,3,1,0
3459,0,0,0,0,0,0,0,0,0,0,0,0,0,0,0,0,0,0,0,0,0,0,0,0,0,0,0,0,0,0,0,0,0,0,0,0,0,0,0,0,0,0,0,0,0,0,0,0,0,0,0,0,0,0,0,0,0,0,0,0,0,0,0,0,1,1,0,0,5,0,0,0,4,0,5,26,11,21,14,18,13,10,23,26,25,31,23,26,22,20,20,16,29,49,28,26,46,72,30,30,49,26,5,12,15,18,15,23,0,0
3460,0,0,0,0,0,0,0,0,0,0,0,0,0,0,0,0,0,0,0,0,0,0,0,0,0,0,0,0,0,0,0,0,0,0,0,0,0,0,0,0,0,0,0,0,0,0,0,0,0,0,0,0,0,0,0,0,0,0,0,0,0,0,0,0,0,0,0,0,0,0,2,0,0,1,0,3,3,10,8,6,14,0,12,3,30,3,31,2,0,26,23,15,6,14,0,16,6,10,11,8,5,3,0,0,5,5,5,5,0,2
3461,0,0,0,0,0,0,0,0,0,0,0,0,0,0,0,0,0,0,0,0,0,0,0,0,0,0,0,0,0,0,0,0,0,0,0,0,0,0,0,0,0,0,0,0,0,0,0,0,0,0,0,0,0,0,0,0,0,0,0,0,0,0,0,0,0,0,0,0,0,0,0,0,0,0,0,0,0,4,1,0,0,4,0,1,14,7,7,1,0,0,1,2,2,2,1,0,0,0,0,1,1,0,2,0,0,0,0,0,0,0
3462,0,0,0,0,0,0,0,0,0,0,0,0,0,0,0,0,0,0,0,0,0,0,0,0,0,0,0,0,0,0,0,0,0,0,0,0,0,0,0,0,0,0,0,0,0,0,0,0,0,0,0,0,0,0,0,0,0,0,0,0,0,0,0,0,0,0,0,0,0,0,1,0,0,2,0,0,0,1,0,0,0,0,1,0,2,1,4,2,0,1,0,0,1,0,0,0,0,4,0,0,0,0,0,1,0,0,1,0,0,2
4011,0,0,0,0,0,0,0,0,0,0,0,0,0,0,0,0,0,0,0,0,0,0,0,0,0,0,0,0,0,0,0,0,0,0,0,0,0,0,0,0,0,0,0,0,0,0,0,0,0,0,0,0,0,0,0,0,0,0,0,0,1,1,2,0,0,0,0,0,6,11,11,6,5,2,3,1,8,10,38,25,22,4,12,19,9,32,20,22,1,7,15,16,11,32,13,3,5,35,6,18,9,14,4,6,8,15,43,10,21,15
4012,0,0,0,0,0,0,0,0,0,0,0,0,0,0,0,0,0,0,0,0,0,0,0,0,0,0,0,0,0,0,0,0,0,0,0,0,0,0,0,0,0,0,0,0,0,0,0,0,0,0,0,0,0,0,0,0,0,0,0,0,0,0,0,0,0,0,0,0,1,0,0,1,4,1,0,0,4,1,2,0,0,0,0,0,2,0,0,3,0,1,2,0,0,1,2,0,0,1,0,0,0,0,0,0,0,0,1,0,0,0
5111,0,0,0,0,0,0,0,0,0,0,0,0,0,0,0,0,0,0,0,0,0,0,0,0,0,0,0,0,0,0,0,0,0,0,0,0,0,0,0,0,0,0,0,0,0,0,0,0,0,0,0,0,0,0,0,0,0,0,0,0,0,0,0,2,0,1,0,0,2,1,1,0,17,0,0,42,64,36,21,19,0,0,46,22,19,27,23,19,5,54,46,29,46,31,10,10,55,25,45,24,7,9,12,13,25,32,16,20,11,23
5112,0,0,0,0,0,0,0,0,0,0,0,0,0,0,0,0,0,0,0,0,0,0,0,0,0,0,0,0,0,0,0,0,0,0,0,0,0,0,0,0,0,0,0,0,0,0,0,0,0,0,0,0,0,0,0,0,0,0,0,0,1,0,0,1,0,1,0,0,0,5,1,1,4,0,0,23,12,7,18,18,26,16,15,14,26,33,18,14,8,30,23,15,16,19,9,24,17,27,38,23,15,19,20,13,12,19,14,17,0,0
5113,0,0,0,0,0,0,0,0,0,0,0,0,0,0,0,0,0,0,0,0,0,0,0,0,0,0,0,0,0,0,0,0,0,0,0,0,0,0,0,0,0,0,0,0,0,0,0,0,0,0,0,0,0,0,0,0,0,0,0,0,0,1,0,0,0,0,4,0,0,0,0,6,7,0,40,0,0,0,77,0,45,8,59,4,29,28,41,0,6,2,13,0,16,16,8,0,39,14,27,4,4,3,1,0,15,6,16,0,0,0
5114,0,0,0,0,0,0,0,0,0,0,0,0,0,0,0,0,0,0,0,0,0,0,0,0,0,0,0,0,0,0,0,0,0,0,0,0,0,0,0,0,0,0,0,0,0,0,0,0,0,0,0,0,0,0,0,0,0,0,0,0,0,0,0,0,0,0,0,0,0,1,7,3,6,9,4,4,6,4,6,11,12,0,17,7,17,11,30,18,0,21,13,10,13,24,2,1,5,6,4,10,0,0,7,0,10,2,14,15,9,29
5116,0,0,0,0,0,0,0,0,0,0,0,0,0,0,0,0,0,0,0,0,0,0,0,0,0,0,0,0,0,0,0,0,0,0,0,0,0,0,0,0,0,0,0,0,0,0,0,0,0,0,0,0,0,0,0,0,0,0,0,0,0,0,0,2,1,3,0,0,0,8,2,3,8,6,0,1,9,9,24,5,20,0,4,14,4,24,17,4,0,10,27,11,25,9,6,28,12,12,15,6,21,4,8,5,8,7,16,17,6,1
5117,0,0,0,0,0,0,0,0,0,0,0,0,0,0,0,0,0,0,0,0,0,0,0,0,0,0,0,0,0,0,0,0,0,0,0,0,0,0,0,0,0,0,0,0,0,0,0,0,0,0,0,0,0,0,0,0,0,0,0,0,0,0,0,0,0,0,0,0,0,0,4,1,3,0,0,2,4,3,8,5,4,0,8,6,3,1,9,0,0,14,3,7,9,6,0,1,9,8,1,1,0,10,0,0,6,0,3,2,0,0
5119,0,0,0,0,0,0,0,0,0,0,0,0,0,0,0,0,0,0,0,0,0,0,0,0,0,0,0,0,0,0,0,0,0,0,0,0,0,0,0,0,0,0,0,0,0,0,0,0,0,0,0,0,0,0,0,0,0,0,0,0,0,0,0,0,0,0,0,0,0,0,2,5,3,2,0,1,4,9,9,1,0,2,1,3,4,12,3,2,0,0,15,2,11,9,10,0,3,9,7,8,2,2,1,0,2,7,3,3,0,1
5120,0,0,0,0,0,0,0,0,0,0,0,0,0,0,0,0,0,0,0,0,0,0,0,0,0,0,0,0,0,0,0,0,0,0,0,0,0,0,0,0,0,0,0,0,0,0,0,0,0,0,0,0,0,0,0,0,0,0,0,0,0,0,0,0,0,0,0,0,0,4,1,2,0,1,0,1,2,2,6,1,0,12,1,1,5,4,9,5,0,2,8,11,8,3,0,7,5,9,4,29,15,3,1,1,4,13,8,6,2,0
5122,0,0,0,0,0,0,0,0,0,0,0,0,0,0,0,0,0,0,0,0,0,0,0,0,0,0,0,0,0,0,0,0,0,0,0,0,0,0,0,0,0,0,0,0,0,0,0,0,0,0,0,0,0,0,0,0,0,0,0,0,0,0,0,0,0,0,0,0,0,3,0,2,0,2,1,2,11,3,12,3,0,4,4,6,11,8,9,6,7,6,7,5,12,11,1,2,9,4,1,7,5,6,4,6,6,2,7,4,4,0
5124,0,0,0,0,0,0,0,0,0,0,0,0,0,0,0,0,0,0,0,0,0,0,0,0,0,0,0,0,0,0,0,0,0,0,0,0,0,0,0,0,0,0,0,0,0,0,0,0,0,0,0,0,0,0,0,0,0,0,0,0,0,0,0,0,0,0,0,0,0,0,1,2,5,7,1,8,13,12,23,2,2,19,10,15,20,21,22,9,1,11,43,13,22,11,31,12,40,22,80,27,25,17,13,8,10,25,21,58,18,3
5154,0,0,0,0,0,0,0,0,0,0,0,0,0,0,0,0,0,0,0,0,0,0,0,0,0,0,0,0,0,0,0,0,0,0,0,0,0,0,0,0,0,0,0,0,0,0,0,0,0,0,0,0,0,0,0,0,0,0,0,0,0,0,0,0,0,0,0,0,0,2,2,3,8,7,0,19,12,16,20,8,5,0,18,6,18,29,17,34,12,4,9,18,14,9,14,0,3,15,26,21,2,51,0,0,7,19,9,10,16,3
5158,0,0,0,0,0,0,0,0,0,0,0,0,0,0,0,0,0,0,0,0,0,0,0,0,0,0,0,0,0,0,0,0,0,0,0,0,0,0,0,0,0,0,0,0,0,0,0,0,0,0,0,0,0,0,0,0,0,0,0,0,0,0,0,0,0,1,0,0,3,1,4,5,2,5,0,21,18,14,22,15,37,10,43,12,24,23,21,12,22,26,31,28,19,21,21,30,17,31,45,47,17,2,12,16,32,11,20,16,17,4
5162,0,0,0,0,0,0,0,0,0,0,0,0,0,0,0,0,0,0,0,0,0,0,0,0,0,0,0,0,0,0,0,0,0,0,0,0,0,0,0,0,0,0,0,0,0,0,0,0,0,0,0,0,0,0,0,0,0,0,0,0,0,1,1,3,0,0,0,0,0,1,4,2,7,3,1,9,10,6,36,25,13,17,11,44,35,31,34,3,33,19,20,25,31,10,7,27,4,2,7,17,1,5,4,2,7,4,7,5,6,0
5166,0,0,0,0,0,0,0,0,0,0,0,0,0,0,0,0,0,0,0,0,0,0,0,0,0,0,0,0,0,0,0,0,0,0,0,0,0,0,0,0,0,0,0,0,0,0,0,0,0,0,0,0,0,0,0,0,0,0,1,0,0,0,1,0,2,0,0,0,1,1,5,6,4,14,8,8,12,17,29,10,15,3,17,5,17,11,18,10,20,7,41,20,10,44,13,6,2,13,10,17,19,5,2,6,10,7,11,4,16,0
5170,0,0,0,0,0,0,0,0,0,0,0,0,0,0,0,0,0,0,0,0,0,0,0,0,0,0,0,0,0,0,0,0,0,0,0,0,0,0,0,0,0,0,0,0,0,0,0,0,0,0,0,0,0,0,0,0,0,0,1,0,0,0,0,0,0,0,0,0,1,5,3,7,8,9,0,22,23,16,20,19,5,1,16,12,19,18,15,2,1,12,9,9,12,12,7,0,17,23,16,18,1,17,17,7,10,6,6,12,3,0
5314,0,0,0,0,0,0,0,0,0,0,0,0,0,0,0,0,0,0,0,0,0,0,0,0,0,0,0,0,0,0,0,0,0,0,0,0,0,0,0,0,0,0,0,0,0,0,0,0,0,0,0,0,0,0,0,0,0,0,1,0,0,0,0,0,0,1,2,0,2,6,5,5,1,1,4,10,33,7,13,32,14,19,11,24,31,7,15,17,9,4,25,22,32,15,31,15,6,21,8,24,14,17,11,10,11,10,3,5,14,2
5315,0,0,0,0,0,0,0,0,0,0,0,0,0,0,0,0,0,0,0,0,0,0,0,0,0,0,0,0,0,0,0,0,0,0,0,0,0,0,0,0,0,0,0,0,0,0,0,0,0,0,1,0,1,0,0,0,0,1,0,2,2,1,6,2,5,10,1,2,10,10,8,42,48,88,40,48,99,91,105,100,60,50,48,91,77,62,86,79,59,66,89,130,78,54,19,25,42,54,70,40,29,21,31,8,19,22,23,25,4,0
5316,0,0,0,0,0,0,0,0,0,0,0,0,0,0,0,0,0,0,0,0,0,0,0,0,0,0,0,0,0,0,0,0,0,0,0,0,0,0,0,0,0,0,0,0,0,0,0,0,0,0,0,0,0,0,0,0,0,0,0,0,0,0,0,0,0,0,0,0,0,1,0,4,0,6,0,4,4,8,5,5,3,0,7,4,11,7,7,11,2,9,15,6,9,6,3,0,3,3,3,1,2,3,0,0,2,11,3,6,2,0
5334,0,0,0,0,0,0,0,0,0,0,0,0,0,0,0,0,0,0,0,0,0,0,0,0,0,0,0,0,0,0,0,0,0,0,0,0,0,0,0,0,0,0,0,0,0,0,0,0,0,0,0,0,0,0,0,0,0,0,1,2,4,1,0,17,15,9,5,4,3,2,7,6,22,53,15,11,57,14,50,87,56,18,27,61,80,54,40,51,39,50,58,98,87,70,49,6,6,81,51,60,37,8,25,13,8,55,29,19,11,0
5358,0,0,0,0,0,0,0,0,0,0,0,0,0,0,0,0,0,0,0,0,0,0,0,0,0,0,0,0,0,0,0,0,0,0,0,0,0,0,0,0,0,0,0,0,0,0,0,0,0,0,0,0,0,0,0,0,0,0,0,0,1,1,0,2,0,0,0,1,0,2,2,5,3,6,3,5,12,9,24,21,30,17,7,11,13,18,17,20,9,4,16,8,43,17,14,6,1,19,22,22,24,11,10,4,3,12,19,8,9,0
5362,0,0,0,0,0,0,0,0,0,0,0,0,0,0,0,0,0,0,0,0,0,0,0,0,0,0,0,0,0,0,0,0,0,0,0,0,0,0,0,0,0,0,0,0,0,0,0,0,0,0,0,0,0,0,0,0,0,0,0,0,0,0,0,0,1,0,0,0,0,3,1,4,8,1,1,12,9,14,10,40,17,3,22,11,31,14,11,8,46,35,31,42,52,46,0,32,63,40,39,65,17,20,3,23,5,20,16,38,4,0
5366,0,0,0,0,0,0,0,0,0,0,0,0,0,0,0,0,0,0,0,0,0,0,0,0,0,0,0,0,0,0,0,0,0,0,0,0,0,0,0,0,0,0,0,0,0,0,0,0,0,0,0,0,0,0,0,0,0,0,0,0,0,0,0,0,1,0,0,0,2,0,1,1,2,4,0,0,8,11,10,12,6,3,0,2,4,26,14,9,11,2,6,20,10,41,5,2,10,2,15,17,10,4,6,6,0,6,13,3,1,1
5370,0,0,0,0,0,0,0,0,0,0,0,0,0,0,0,0,0,0,0,0,0,0,0,0,0,0,0,0,0,0,0,0,0,0,0,0,0,0,0,0,0,0,0,0,0,0,0,0,0,0,0,0,0,0,0,0,3,17,29,10,15,8,17,41,54,27,47,13,43,66,65,66,74,37,18,66,74,29,59,38,28,29,29,30,54,61,58,24,10,25,40,73,24,26,13,0,22,23,33,22,0,24,0,0,9,27,18,56,10,0
5374,0,0,0,0,0,0,0,0,0,0,0,0,0,0,0,0,0,0,0,0,0,0,0,0,0,0,0,0,0,0,0,0,0,0,0,0,0,0,0,0,0,0,0,0,0,0,0,0,0,0,0,0,0,0,0,0,0,0,0,0,0,0,1,0,3,0,0,0,0,1,5,3,0,0,0,20,0,17,14,9,0,24,3,14,21,19,18,16,34,8,29,17,17,7,17,0,11,9,8,14,0,9,0,0,2,9,9,6,0,0
5378,0,0,0,0,0,0,0,0,0,0,0,0,0,0,0,0,0,0,0,0,0,0,0,0,0,0,0,0,0,0,0,0,0,0,0,0,0,0,0,0,0,0,0,0,0,0,0,0,0,0,0,0,0,0,0,0,0,0,0,0,0,1,2,0,0,0,0,0,5,3,4,3,12,0,0,8,7,1,1,10,17,29,10,11,14,23,5,9,21,11,11,6,9,11,12,23,13,12,8,12,16,18,13,3,4,7,5,1,2,3
5382,0,0,0,0,0,0,0,0,0,0,0,0,0,0,0,0,0,0,0,0,0,0,0,0,0,0,0,0,0,0,0,0,0,0,0,0,0,0,0,0,0,0,0,0,0,0,0,0,0,0,0,0,0,0,0,0,0,0,0,0,0,0,2,1,1,1,0,0,8,0,5,4,9,0,0,12,29,23,47,25,0,0,93,46,44,48,56,34,17,32,11,30,30,76,17,18,38,28,44,25,17,21,8,13,42,33,27,11,25,0
5512,0,0,0,0,0,0,0,0,0,0,0,0,0,0,0,0,0,0,0,0,0,0,0,0,0,0,0,0,0,0,0,0,0,0,0,0,0,0,0,0,0,0,0,0,0,0,0,0,0,0,0,0,0,0,0,0,0,0,0,0,0,0,0,0,0,0,0,0,1,0,2,0,0,0,1,0,1,5,0,5,3,0,0,7,3,1,3,5,0,2,3,2,6,5,5,1,3,6,8,5,3,1,2,2,5,5,3,3,4,0
5513,0,0,0,0,0,0,0,0,0,0,0,0,0,0,0,0,0,0,0,0,0,0,0,0,0,0,0,0,0,0,0,0,0,0,0,0,0,0,0,0,0,0,0,0,0,0,0,0,0,0,0,0,0,0,0,0,0,0,0,0,0,0,0,0,2,0,0,0,0,1,0,1,4,1,1,0,2,5,15,5,3,0,4,5,7,9,18,6,2,9,13,10,14,14,6,6,17,4,8,11,5,3,4,4,2,6,6,10,3,0
5515,0,0,0,0,0,0,0,0,0,0,0,0,0,0,0,0,0,0,0,0,0,0,0,0,0,0,0,0,0,0,0,0,0,0,0,0,0,0,0,0,0,0,0,0,0,0,0,0,0,0,0,0,0,0,0,0,0,0,0,0,1,0,0,2,1,0,0,1,0,1,2,7,8,0,18,27,29,28,44,39,26,22,20,35,26,31,36,23,8,17,22,15,18,7,15,12,16,9,6,10,0,5,0,5,6,3,2,4,5,0
5554,0,0,0,0,0,0,0,0,0,0,0,0,0,0,0,0,0,0,0,0,0,0,0,0,0,0,0,0,0,0,0,0,0,0,0,0,0,0,0,0,0,0,0,0,0,0,0,0,0,0,0,0,0,0,0,0,0,0,0,0,0,1,0,0,4,0,0,0,2,2,3,4,16,11,16,45,33,51,38,34,17,11,15,18,28,26,30,27,5,26,33,51,37,40,29,11,18,25,29,18,7,5,13,10,8,10,19,3,5,0
5558,0,0,0,0,0,0,0,0,0,0,0,0,0,0,0,0,0,0,0,0,0,0,0,0,0,0,0,0,0,0,0,0,0,0,0,0,0,0,0,0,0,0,0,0,0,0,0,0,0,0,0,0,0,0,0,0,0,0,0,0,0,0,0,11,0,1,0,3,2,5,2,6,9,6,1,5,14,14,13,19,0,4,36,8,17,20,33,0,53,15,18,21,25,18,1,0,21,9,12,2,10,12,7,0,2,3,0,10,6,0
5562,0,0,0,0,0,0,0,0,0,0,0,0,0,0,0,0,0,0,0,0,0,0,0,0,0,0,0,0,0,0,0,0,0,0,0,0,0,0,0,0,0,0,0,0,0,0,0,0,0,0,0,0,0,0,0,0,0,0,0,0,0,0,0,0,0,0,0,0,0,2,5,2,6,0,0,28,15,14,14,7,0,5,33,14,4,28,51,19,16,30,34,36,25,31,42,16,15,19,30,47,26,14,9,2,16,65,19,25,55,0
5566,0,0,0,0,0,0,0,0,0,0,0,0,0,0,0,0,0,0,0,0,0,0,0,0,0,0,0,0,0,0,0,0,0,0,0,0,0,0,0,0,0,0,0,0,0,0,0,0,0,0,0,0,0,0,0,0,0,0,0,0,0,0,0,0,0,0,1,0,0,2,0,0,0,0,0,19,60,21,31,25,0,0,44,32,14,29,30,34,29,20,25,31,70,33,48,24,73,54,61,57,30,40,20,19,49,13,16,22,20,0
5570,0,0,0,0,0,0,0,0,0,0,0,0,0,0,0,0,0,0,0,0,0,0,0,0,0,0,0,0,0,0,0,0,0,0,0,0,0,0,0,0,0,0,0,0,0,0,0,0,0,0,0,0,0,0,0,0,0,0,0,0,0,0,0,0,0,0,1,0,0,4,2,3,15,15,10,7,27,20,21,32,30,3,24,6,26,5,19,12,4,12,12,22,6,1,1,1,3,4,12,2,8,2,22,4,10,0,8,4,1,0
5711,0,0,0,0,0,0,0,0,0,0,0,0,0,0,0,0,0,0,0,0,0,0,0,0,0,0,0,0,0,0,0,0,0,0,0,0,0,0,0,0,0,0,0,0,0,0,0,0,0,0,0,0,0,0,0,0,0,0,0,0,0,0,0,0,0,0,0,0,1,0,0,10,1,1,0,1,2,1,1,1,1,2,31,6,56,17,-6,0,0,-73,-43,1,24,9,11,3,7,8,28,5,9,8,0,0,1,3,53,0,0,0
5754,0,0,0,0,0,0,0,0,0,0,0,0,0,0,0,0,0,0,0,0,0,0,0,0,0,0,0,0,0,0,0,0,0,0,0,0,0,0,0,0,0,0,0,0,0,0,0,0,0,0,0,0,0,0,0,0,0,0,0,0,0,0,0,0,0,0,0,0,0,0,6,1,17,2,11,34,13,22,41,15,28,4,12,16,25,19,21,12,19,8,9,16,13,9,6,20,14,25,16,9,8,7,1,4,2,6,13,9,4,0
5758,0,0,0,0,0,0,0,0,0,0,0,0,0,0,0,0,0,0,0,0,0,0,0,0,0,0,0,0,0,0,0,0,0,0,0,0,0,0,0,0,0,0,0,0,0,0,0,0,0,0,0,0,0,0,0,0,0,0,0,0,0,0,0,0,0,2,0,0,0,1,2,1,12,4,2,1,12,17,22,10,12,0,4,8,9,6,14,5,1,4,3,24,16,22,12,7,5,9,6,11,7,3,4,2,1,6,3,1,2,0
5762,0,0,0,0,0,0,0,0,0,0,0,0,0,0,0,0,0,0,0,0,0,0,0,0,0,0,0,0,0,0,0,0,0,0,0,0,0,0,0,0,0,0,0,0,0,0,0,0,0,0,0,0,0,0,0,0,0,0,0,0,0,0,0,0,0,0,0,0,0,0,0,0,0,2,0,0,5,0,7,6,0,0,2,6,5,14,7,8,2,8,5,5,28,17,21,4,4,0,14,10,10,23,10,1,8,8,2,6,8,0
5766,0,0,0,0,0,0,0,0,0,0,0,0,0,0,0,0,0,0,0,0,0,0,0,0,0,0,0,0,0,0,0,0,0,0,0,0,0,0,0,0,0,0,0,0,0,0,0,0,0,0,0,0,0,0,0,0,0,0,0,0,0,0,0,1,0,0,1,1,7,8,5,12,4,0,19,0,16,31,12,13,7,12,16,18,14,25,27,30,4,19,11,19,16,31,25,17,21,29,24,15,0,4,0,0,35,13,16,14,12,0
5770,0,0,0,0,0,0,0,0,0,0,0,0,0,0,0,0,0,0,0,0,0,0,0,0,0,0,0,0,0,0,0,0,0,0,0,0,0,0,0,0,0,0,0,0,0,0,0,0,0,0,0,0,0,0,0,0,0,0,0,0,0,0,0,0,0,2,2,1,0,4,1,5,18,1,19,20,18,19,15,8,8,5,12,11,11,3,11,8,7,5,36,24,11,8,14,1,9,14,10,15,0,14,0,4,2,6,3,2,6,1
5774,0,0,0,0,0,0,0,0,0,0,0,0,0,0,0,0,0,0,0,0,0,0,0,0,0,0,0,0,0,0,0,0,0,0,0,0,0,0,0,0,0,0,0,0,0,0,0,0,0,0,0,0,0,0,0,0,0,0,0,0,0,0,0,0,0,0,0,0,0,2,3,3,7,0,0,0,9,13,23,4,15,0,8,15,8,13,22,7,0,38,24,36,46,16,2,0,57,33,17,18,0,28,0,13,14,7,17,9,0,0
5911,0,0,0,0,0,0,0,0,0,0,0,0,0,0,0,0,0,0,0,0,0,0,0,0,0,0,0,0,0,0,0,0,0,0,0,0,0,0,0,0,0,0,0,0,0,0,0,0,0,0,0,0,0,0,0,0,0,0,0,0,0,0,1,1,0,1,0,0,1,2,4,5,5,0,0,4,6,4,18,17,26,18,12,15,13,16,14,0,11,4,11,6,18,15,0,3,9,3,0,3,37,0,3,0,4,30,45,11,5,0
5913,0,0,0,0,0,0,0,0,0,0,0,0,0,0,0,0,0,0,0,0,0,0,0,0,0,0,0,0,0,0,0,0,0,0,0,0,0,0,0,0,0,0,0,0,0,0,0,0,0,0,0,0,0,0,0,0,0,0,0,0,0,0,0,0,2,0,0,0,0,2,3,10,3,0,0,17,30,11,29,35,17,0,16,19,10,24,7,16,9,23,19,33,31,18,9,19,20,46,14,20,13,11,10,13,9,6,9,5,5,5
5914,0,0,0,0,0,0,0,0,0,0,0,0,0,0,0,0,0,0,0,0,0,0,0,0,0,0,0,0,0,0,0,0,0,0,0,0,0,0,0,0,0,0,0,0,0,0,0,0,0,0,0,0,0,0,0,0,0,0,0,0,0,0,0,0,0,0,0,0,1,2,0,0,2,0,0,1,5,0,17,3,6,5,7,1,5,0,7,10,8,0,2,10,4,5,13,5,3,2,10,5,5,21,4,3,0,11,6,3,7,0
5915,0,0,0,0,0,0,0,0,0,0,0,0,0,0,0,0,0,0,0,0,0,0,0,0,0,0,0,0,0,0,0,0,0,0,0,0,0,0,0,0,0,0,0,0,0,0,0,0,0,0,0,0,0,0,0,0,0,0,0,0,0,0,0,0,0,0,0,0,0,0,0,2,2,0,0,4,8,7,24,11,9,18,6,5,15,8,14,15,4,4,14,12,36,11,16,12,8,12,17,3,6,6,4,6,19,8,11,13,13,0
5916,0,0,0,0,0,0,0,0,0,0,0,0,0,0,0,0,0,0,0,0,0,0,0,0,0,0,0,0,0,0,0,0,0,0,0,0,0,0,0,0,0,0,0,0,0,0,0,0,0,0,0,0,0,0,0,0,0,0,0,0,0,0,0,0,0,0,0,0,0,0,2,2,0,0,0,2,0,4,0,2,4,0,5,1,11,6,6,3,4,3,3,6,2,2,0,0,5,6,4,9,3,0,6,2,2,4,16,5,1,0
5954,0,0,0,0,0,0,0,0,0,0,0,0,0,0,0,0,0,0,0,0,0,0,0,0,0,0,0,0,0,0,0,0,0,0,0,0,0,0,0,0,0,0,0,0,0,0,0,0,0,0,0,0,0,0,0,0,0,0,0,0,0,0,0,0,0,0,1,0,0,1,2,2,4,1,0,8,5,5,14,15,2,5,16,14,11,17,19,15,23,17,17,7,11,18,4,8,13,9,15,8,8,4,5,2,3,12,2,13,1,0
5958,0,0,0,0,0,0,0,0,0,0,0,0,0,0,0,0,0,0,0,0,0,0,0,0,0,0,0,0,0,0,0,0,0,0,0,0,0,0,0,0,0,0,0,0,0,0,0,0,0,0,0,0,0,0,0,0,0,0,0,0,0,0,0,0,0,0,0,0,0,1,5,8,5,8,5,6,17,6,32,11,5,15,16,13,21,24,17,16,14,10,33,27,30,19,21,11,5,19,16,36,21,8,9,1,9,4,12,4,7,1
5962,0,0,0,0,0,0,0,0,0,0,0,0,0,0,0,0,0,0,0,0,0,0,0,0,0,0,0,0,0,0,0,0,0,0,0,0,0,0,0,0,0,0,0,0,0,0,0,0,0,0,0,0,0,0,0,0,0,0,1,0,0,0,0,2,1,1,0,0,0,1,4,2,1,0,0,6,4,8,4,3,0,7,2,4,19,10,8,12,14,10,15,16,10,21,0,16,20,12,1,45,31,26,12,1,3,24,32,16,25,8
5966,0,0,0,0,0,0,0,0,0,0,0,0,0,0,0,0,0,0,0,0,0,0,0,0,0,0,0,0,0,0,0,0,0,0,0,0,0,0,0,0,0,0,0,0,0,0,0,0,0,0,0,0,0,0,0,0,0,0,0,0,0,0,0,0,0,0,0,0,0,0,1,0,0,0,0,0,0,8,8,0,0,0,2,0,17,30,23,15,20,5,8,15,26,11,18,8,7,17,31,32,26,24,22,15,21,10,29,5,12,16
5970,0,0,0,0,0,0,0,0,0,0,0,0,0,0,0,0,0,0,0,0,0,0,0,0,0,0,0,0,0,0,0,0,0,0,0,0,0,0,0,0,0,0,0,0,0,0,0,0,0,0,0,0,0,0,0,0,0,0,0,0,0,0,0,0,0,0,0,0,0,1,0,1,12,1,3,5,3,3,2,7,2,7,4,8,13,12,13,2,2,3,7,17,11,19,4,1,5,6,8,12,10,1,2,0,12,5,13,5,4,0
5974,0,0,0,0,0,0,0,0,0,0,0,0,0,0,0,0,0,0,0,0,0,0,0,0,0,0,0,0,0,0,0,0,0,0,0,0,0,0,0,0,0,0,0,0,0,0,0,0,0,0,0,0,0,0,0,0,0,0,0,0,0,0,0,0,0,0,0,0,0,1,2,0,6,2,0,6,19,0,18,0,35,4,7,14,10,18,16,18,8,5,10,16,5,8,8,7,22,6,19,10,7,5,0,2,5,2,2,7,1,1
5978,0,0,0,0,0,0,0,0,0,0,0,0,0,0,0,0,0,0,0,0,0,0,0,0,0,0,0,0,0,0,0,0,0,0,0,0,0,0,0,0,0,0,0,0,0,0,0,0,0,0,0,0,0,0,0,0,0,0,0,0,0,0,0,0,1,0,3,0,0,2,4,4,0,1,0,4,11,14,7,2,13,4,6,33,15,14,12,17,0,5,11,25,18,34,33,12,24,17,5,20,14,5,9,20,5,26,25,33,3,0
6411,0,0,0,0,0,0,0,0,0,0,0,0,0,0,0,0,0,0,0,0,0,0,0,0,0,0,0,0,0,0,0,0,0,0,0,0,0,0,0,0,0,0,0,0,0,0,0,0,0,0,0,0,0,0,0,0,0,0,0,0,0,0,0,0,0,0,0,0,0,0,0,0,2,0,0,6,1,6,2,6,4,0,0,3,8,10,12,1,3,6,2,7,4,4,7,1,1,3,4,5,6,2,1,1,1,4,7,3,4,21
6412,0,0,0,0,0,0,0,0,0,0,0,0,0,0,0,0,0,0,0,0,0,0,0,0,0,0,0,0,0,0,0,0,0,0,0,0,0,0,0,0,0,0,0,0,0,0,0,0,0,0,0,0,0,0,0,0,0,0,0,0,0,3,0,1,2,0,0,0,1,3,3,2,11,10,0,16,31,14,24,27,11,4,31,22,23,48,34,9,41,23,38,45,40,30,37,26,28,43,56,57,16,32,15,15,53,37,30,37,16,7
6413,0,0,0,0,0,0,0,0,0,0,0,0,0,0,0,0,0,0,0,0,0,0,0,0,0,0,0,0,0,0,0,0,0,0,0,0,0,0,0,0,0,0,0,0,0,0,0,0,0,0,0,0,0,0,0,0,0,0,0,0,0,0,0,0,0,0,0,0,1,0,0,0,0,0,0,2,2,0,1,0,3,1,3,2,2,2,3,2,2,0,3,4,0,1,1,5,3,6,1,3,1,1,0,0,4,1,3,5,2,0
6414,0,0,0,0,0,0,0,0,0,0,0,0,0,0,0,0,0,0,0,0,0,0,0,0,0,0,0,0,0,0,0,0,0,0,0,0,0,0,0,0,0,0,0,0,0,0,0,0,0,0,0,0,0,0,0,0,0,0,0,0,0,0,0,0,0,0,0,0,1,0,4,1,1,0,0,13,2,13,12,13,0,0,34,7,10,18,18,0,0,26,7,8,5,4,7,4,1,7,11,12,5,3,1,1,4,6,9,7,1,4
6431,0,0,0,0,0,0,0,0,0,0,0,0,0,0,0,0,0,0,0,0,0,0,0,0,0,0,0,0,0,0,0,0,0,0,0,0,0,0,0,0,0,0,0,0,0,0,0,0,0,0,0,0,0,0,0,0,0,0,0,0,0,0,1,0,0,0,0,0,1,1,1,1,0,0,0,12,6,4,7,4,0,0,29,24,9,11,21,0,20,15,9,11,14,3,14,5,2,9,13,6,4,3,5,1,4,9,3,2,2,0
6432,0,0,0,0,0,0,0,0,0,0,0,0,0,0,0,0,0,0,0,0,0,0,0,0,0,0,0,0,0,0,0,0,0,0,0,0,0,0,0,0,0,0,0,0,0,0,0,0,0,0,0,0,0,0,0,0,0,0,0,0,0,0,0,0,0,0,0,0,0,0,0,3,1,0,0,4,10,4,16,24,10,2,3,11,22,19,18,9,4,16,18,12,8,8,5,6,7,10,17,16,5,2,5,1,9,8,10,4,7,0
6433,0,0,0,0,0,0,0,0,0,0,0,0,0,0,0,0,0,0,0,0,0,0,0,0,0,0,0,0,0,0,0,0,0,0,0,0,0,0,0,0,0,0,0,0,0,0,0,0,0,0,0,0,0,0,0,0,0,0,0,0,0,0,0,0,0,0,0,0,0,0,0,1,1,0,0,7,1,10,11,24,15,13,16,18,5,14,13,19,15,6,5,20,10,11,8,0,6,9,11,13,17,1,4,0,0,14,14,18,4,1
6434,0,0,0,0,0,0,0,0,0,0,0,0,0,0,0,0,0,0,0,0,0,0,0,0,0,0,0,0,0,0,0,0,0,0,0,0,0,0,0,0,0,0,0,0,0,0,0,0,0,0,0,0,0,0,0,0,0,0,0,0,0,1,0,1,0,0,0,0,1,0,0,1,2,3,4,9,4,9,14,10,8,2,4,16,21,5,13,4,4,5,14,7,5,10,5,1,3,7,12,2,4,0,0,1,1,3,2,2,2,0
6435,0,0,0,0,0,0,0,0,0,0,0,0,0,0,0,0,0,0,0,0,0,0,0,0,0,0,0,0,0,0,0,0,0,0,0,0,0,0,0,0,0,0,0,0,0,0,0,0,0,0,0,0,0,0,0,0,0,0,0,0,0,0,1,0,0,0,0,0,1,1,7,8,11,13,1,3,15,12,4,13,3,2,12,6,13,17,14,18,4,19,17,23,14,19,15,1,13,22,20,13,9,26,3,4,9,24,21,15,22,0
6436,0,0,0,0,0,0,0,0,0,0,0,0,0,0,0,0,0,0,0,0,0,0,0,0,0,0,0,0,0,0,0,0,0,0,0,0,0,0,0,0,0,0,0,0,0,0,0,0,0,0,0,0,0,0,0,0,0,0,0,0,0,0,0,0,0,0,0,0,0,2,1,1,7,0,0,5,2,9,12,14,1,0,12,16,6,10,13,6,0,15,7,8,6,6,6,0,3,5,6,7,0,6,0,0,4,6,5,1,6,0
6437,0,0,0,0,0,0,0,0,0,0,0,0,0,0,0,0,0,0,0,0,0,0,0,0,0,0,0,0,0,0,0,0,0,0,0,0,0,0,0,0,0,0,0,0,0,0,0,0,0,0,0,0,0,0,0,0,0,0,0,0,0,0,0,0,0,0,0,0,0,0,0,0,0,2,0,0,6,2,2,5,5,1,1,3,6,13,2,6,4,3,8,24,9,9,20,1,4,10,16,14,5,1,4,5,9,20,11,7,6,8
6438,0,0,0,0,0,0,0,0,0,0,0,0,0,0,0,0,0,0,0,0,0,0,0,0,0,0,0,0,0,0,0,0,0,0,0,0,0,0,0,0,0,0,0,0,0,0,0,0,0,0,0,0,0,0,0,0,0,0,0,0,0,0,0,0,0,0,1,0,2,1,1,4,11,6,3,4,9,9,14,8,3,8,11,11,15,19,20,7,5,4,16,13,13,15,9,1,13,16,19,15,8,8,22,2,11,10,10,5,12,2
6439,0,0,0,0,0,0,0,0,0,0,0,0,0,0,0,0,0,0,0,0,0,0,0,0,0,0,0,0,0,0,0,0,0,0,0,0,0,0,0,0,0,0,0,0,0,0,0,0,0,0,0,0,0,0,0,0,0,0,0,0,0,0,0,0,1,0,1,0,3,3,6,0,6,1,0,4,0,7,10,10,7,4,4,4,5,19,5,9,3,2,3,22,2,7,6,1,8,7,6,2,0,1,1,0,0,2,3,2,0,0
6440,0,0,0,0,0,0,0,0,0,0,0,0,0,0,0,0,0,0,0,0,0,0,0,0,0,0,0,0,0,0,0,0,0,0,0,0,0,0,0,0,0,0,0,0,0,0,0,0,0,0,0,0,0,0,0,0,0,0,0,0,0,0,0,0,0,0,0,0,0,0,1,1,2,6,3,3,10,3,8,5,1,1,7,8,9,8,10,5,1,9,23,7,10,3,7,4,2,10,14,9,7,6,0,0,5,8,6,8,3,10
6531,0,0,0,0,0,0,0,0,0,0,0,0,0,0,0,0,0,0,0,0,0,0,0,0,0,0,0,0,0,0,0,0,0,0,0,0,0,0,0,0,0,0,0,0,0,0,0,0,0,0,0,0,0,0,0,0,0,0,1,0,1,0,0,0,1,0,2,0,0,2,0,0,3,4,0,4,9,18,9,3,3,1,9,12,12,4,12,9,2,6,6,8,11,10,6,0,2,5,2,2,1,4,0,0,2,1,1,5,2,0
6532,0,0,0,0,0,0,0,0,0,0,0,0,0,0,0,0,0,0,0,0,0,0,0,0,0,0,0,0,0,0,0,0,0,0,0,0,0,0,0,0,0,0,0,0,0,0,0,0,0,0,0,0,0,0,0,0,0,0,0,0,2,0,0,0,0,0,0,0,2,0,0,1,4,0,7,0,0,7,9,15,18,0,17,14,14,6,13,23,0,1,15,15,11,23,0,22,18,5,4,20,9,0,0,10,3,1,6,3,0,0
6533,0,0,0,0,0,0,0,0,0,0,0,0,0,0,0,0,0,0,0,0,0,0,0,0,0,0,0,0,0,0,0,0,0,0,0,0,0,0,0,0,0,0,0,0,0,0,0,0,0,0,0,0,0,0,0,0,0,0,0,0,0,0,0,0,0,0,0,0,0,0,0,0,1,2,0,3,8,26,3,6,11,0,33,17,5,19,5,10,0,10,6,12,10,6,2,3,3,0,3,7,4,1,0,4,1,1,3,5,3,2
6534,0,0,0,0,0,0,0,0,0,0,0,0,0,0,0,0,0,0,0,0,0,0,0,0,0,0,0,0,0,0,0,0,0,0,0,0,0,0,0,0,0,0,0,0,0,0,0,0,0,0,0,0,0,0,0,0,0,0,0,0,0,0,0,0,0,0,0,0,5,1,1,0,1,0,0,19,5,5,1,5,8,8,10,3,11,9,6,5,1,4,8,2,3,9,6,0,1,4,8,5,4,0,1,0,4,3,1,4,0,0
6535,0,0,0,0,0,0,0,0,0,0,0,0,0,0,0,0,0,0,0,0,0,0,0,0,0,0,0,0,0,0,0,0,0,0,0,0,0,0,0,0,0,0,0,0,0,0,0,0,0,0,0,0,0,0,0,0,0,0,0,0,0,0,0,0,1,0,0,0,0,0,1,0,1,0,0,1,1,7,3,2,5,2,6,1,7,3,4,6,2,0,5,3,8,4,3,2,0,7,6,5,4,0,0,0,0,2,1,3,1,2
6611,0,0,0,0,0,0,0,0,0,0,0,0,0,0,0,0,0,0,0,0,0,0,0,0,0,0,0,0,0,0,0,0,0,0,0,0,0,0,0,0,0,0,0,0,0,0,0,0,0,0,0,0,0,0,0,0,0,0,0,0,0,0,0,0,0,0,0,0,0,0,3,0,5,1,0,2,8,10,5,5,4,0,1,7,9,5,10,7,1,1,4,4,5,4,2,0,3,10,11,10,7,3,3,3,4,7,16,7,6,1
6631,0,0,0,0,0,0,0,0,0,0,0,0,0,0,0,0,0,0,0,0,0,0,0,0,0,0,0,0,0,0,0,0,0,0,0,0,0,0,0,0,0,0,0,0,0,0,0,0,0,0,0,0,0,0,0,0,0,0,0,0,0,0,0,0,0,0,0,0,2,0,5,2,2,18,0,9,3,13,14,6,0,0,24,5,9,4,11,13,5,0,17,23,10,13,6,2,0,18,12,10,6,0,2,0,11,6,3,2,3,0
6632,0,0,0,0,0,0,0,0,0,0,0,0,0,0,0,0,0,0,0,0,0,0,0,0,0,0,0,0,0,0,0,0,0,0,0,0,0,0,0,0,0,0,0,0,0,0,0,0,0,0,0,0,0,0,0,0,0,0,0,0,0,0,0,0,0,0,0,0,0,0,0,6,0,3,3,0,4,2,3,4,0,1,1,3,0,3,3,5,7,0,5,12,19,17,21,0,0,2,22,3,7,8,1,10,0,6,1,8,0,1
6633,0,0,0,0,0,0,0,0,0,0,0,0,0,0,0,0,0,0,0,0,0,0,0,0,0,0,0,0,0,0,0,0,0,0,0,0,0,0,0,0,0,0,0,0,0,0,0,0,0,0,0,0,0,0,0,0,0,0,0,0,0,0,0,0,0,1,0,0,0,0,2,1,2,6,1,0,4,12,6,3,1,5,1,6,9,13,4,4,0,6,8,4,7,6,2,3,2,20,14,17,16,11,18,4,4,4,8,7,15,3
6634,0,0,0,0,0,0,0,0,0,0,0,0,0,0,0,0,0,0,0,0,0,0,0,0,0,0,0,0,0,0,0,0,0,0,0,0,0,0,0,0,0,0,0,0,0,0,0,0,0,0,0,0,0,0,0,0,0,0,0,0,0,0,0,0,0,0,0,0,0,0,0,3,2,7,3,0,15,18,5,5,8,4,6,8,9,15,31,10,7,2,5,26,39,18,25,0,12,12,14,12,7,12,8,2,9,26,16,10,8,0
6635,0,0,0,0,0,0,0,0,0,0,0,0,0,0,0,0,0,0,0,0,0,0,0,0,0,0,0,0,0,0,0,0,0,0,0,0,0,0,0,0,0,0,0,0,0,0,0,0,0,0,0,0,0,0,0,0,0,0,0,0,0,0,0,0,1,0,0,0,0,2,0,1,1,1,0,0,13,3,5,1,4,0,2,4,4,4,10,0,1,7,4,12,2,5,5,1,3,6,1,6,3,0,0,1,1,8,7,1,0,0
6636,0,0,0,0,0,0,0,0,0,0,0,0,0,0,0,0,0,0,0,0,0,0,0,0,0,0,0,0,0,0,0,0,0,0,0,0,0,0,0,0,0,0,0,0,0,0,0,0,0,0,0,0,0,0,0,0,0,0,0,0,0,0,0,0,0,0,0,0,0,0,0,0,0,0,0,1,0,0,1,1,1,1,0,4,3,1,0,0,7,0,1,1,3,1,1,2,1,3,1,21,0,22,3,12,7,7,7,5,3,1
7111,0,0,0,0,0,0,0,0,0,0,0,0,0,0,0,0,0,0,0,0,0,0,0,0,0,0,0,0,0,0,0,0,0,0,0,0,0,0,0,0,0,0,0,0,0,0,0,0,0,0,0,0,0,0,0,0,0,0,0,0,0,0,0,1,1,0,0,3,0,2,1,3,0,1,8,11,8,4,8,9,8,8,9,22,5,6,11,5,2,5,7,4,4,8,1,7,12,13,2,7,5,2,1,2,5,5,0,3,5,0
7131,0,0,0,0,0,0,0,0,0,0,0,0,0,0,0,0,0,0,0,0,0,0,0,0,0,0,0,0,0,0,0,0,0,0,0,0,0,0,0,0,0,0,0,0,0,0,0,0,0,0,0,0,0,0,0,0,0,0,0,0,0,0,0,0,0,0,0,0,0,0,0,6,3,1,0,4,6,8,7,6,3,1,4,2,5,2,4,3,2,3,5,3,5,3,5,3,7,1,3,1,5,1,0,0,1,0,0,1,0,0
7132,0,0,0,0,0,0,0,0,0,0,0,0,0,0,0,0,0,0,0,0,0,0,0,0,0,0,0,0,0,0,0,0,0,0,0,0,0,0,0,0,0,0,0,0,0,0,0,0,0,0,0,0,0,0,0,0,0,0,0,0,0,0,0,0,0,0,0,0,0,0,0,5,1,0,0,1,1,1,1,0,3,0,4,4,3,3,7,5,2,3,2,5,2,2,1,2,7,2,11,4,4,4,2,0,6,2,10,1,7,0
7133,0,0,0,0,0,0,0,0,0,0,0,0,0,0,0,0,0,0,0,0,0,0,0,0,0,0,0,0,0,0,0,0,0,0,0,0,0,0,0,0,0,0,0,0,0,0,0,0,0,0,0,0,0,0,0,0,0,0,0,0,0,0,0,0,0,0,0,0,0,1,7,5,1,0,0,7,0,4,8,11,0,0,7,9,4,9,5,0,0,18,9,11,8,7,0,0,5,5,4,0,0,0,0,0,8,6,2,5,0,0
7134,0,0,0,0,0,0,0,0,0,0,0,0,0,0,0,0,0,0,0,0,0,0,0,0,0,0,0,0,0,0,0,0,0,0,0,0,0,0,0,0,0,0,0,0,0,0,0,0,0,0,0,0,0,0,0,0,0,0,0,0,0,0,0,0,0,0,0,0,0,0,0,0,0,0,0,1,1,1,1,3,0,2,6,1,2,5,6,2,1,1,0,8,1,5,3,0,1,4,0,7,4,0,2,0,2,0,2,1,1,0
7135,0,0,0,0,0,0,0,0,0,0,0,0,0,0,0,0,0,0,0,0,0,0,0,0,0,0,0,0,0,0,0,0,0,0,0,0,0,0,0,0,0,0,0,0,0,0,0,0,0,0,0,0,0,0,0,0,0,0,0,0,0,0,0,0,0,0,0,0,0,0,0,2,4,0,17,2,7,2,4,4,3,0,0,8,14,4,17,9,2,1,8,4,1,3,0,0,2,3,0,1,0,0,0,0,0,1,0,2,0,0
7137,0,0,0,0,0,0,0,0,0,0,0,0,0,0,0,0,0,0,0,0,0,0,0,0,0,0,0,0,0,0,0,0,0,0,0,0,0,0,0,0,0,0,0,0,0,0,0,0,0,0,0,0,0,0,0,0,0,0,0,0,0,0,0,0,0,0,0,0,1,1,0,3,5,1,25,17,21,21,12,3,13,11,14,13,6,9,14,7,6,11,11,9,7,11,5,6,9,13,4,7,12,7,1,0,1,3,5,4,2,0
7138,0,0,0,0,0,0,0,0,0,0,0,0,0,0,0,0,0,0,0,0,0,0,0,0,0,0,0,0,0,0,0,0,0,0,0,0,0,0,0,0,0,0,0,0,0,0,0,0,0,0,0,0,0,0,0,0,0,0,0,0,0,0,0,0,0,0,0,0,2,1,1,2,6,0,10,6,11,2,11,10,0,13,8,8,18,5,11,0,0,13,4,6,10,1,0,0,18,7,6,7,0,0,0,0,11,0,4,1,0,0
7140,0,0,0,0,0,0,0,0,0,0,0,0,0,0,0,0,0,0,0,0,0,0,0,0,0,0,0,0,0,0,0,0,0,0,0,0,0,0,0,0,0,0,0,0,0,0,0,0,0,0,0,0,0,0,0,0,0,0,0,0,0,0,0,0,0,0,0,0,0,2,1,3,1,8,7,3,7,4,2,9,2,1,6,9,7,7,10,11,2,3,2,5,4,4,5,0,1,4,2,3,2,1,1,1,4,6,1,3,0,0
7141,0,0,0,0,0,0,0,0,0,0,0,0,0,0,0,0,0,0,0,0,0,0,0,0,0,0,0,0,0,0,0,0,0,0,0,0,0,0,0,0,0,0,0,0,0,0,0,0,0,0,0,0,0,0,0,0,0,0,0,0,0,0,0,0,0,0,0,0,0,0,4,1,1,0,0,4,6,10,6,0,2,3,10,3,9,7,6,5,1,6,3,7,11,0,5,3,3,3,6,3,1,2,2,0,2,1,3,8,2,0
7143,0,0,0,0,0,0,0,0,0,0,0,0,0,0,0,0,0,0,0,0,0,0,0,0,0,0,0,0,0,0,0,0,0,0,0,0,0,0,0,0,0,0,0,0,0,0,0,0,0,0,0,0,0,0,0,0,0,0,0,0,0,0,0,0,0,0,0,0,0,3,1,5,4,4,5,3,10,11,5,11,0,14,19,4,5,8,17,6,4,7,13,15,7,6,8,6,8,29,18,5,7,1,4,13,2,3,4,14,5,0
7211,0,0,0,0,0,0,0,0,0,0,0,0,0,0,0,0,0,0,0,0,0,0,0,0,0,0,0,0,0,0,0,0,0,0,0,0,0,0,0,0,0,0,0,0,0,0,0,0,0,0,0,0,0,0,0,0,0,0,0,0,0,0,0,0,0,0,0,0,0,0,0,3,0,0,3,1,3,1,1,0,4,4,1,3,0,5,8,6,13,3,1,5,4,2,0,1,3,6,1,1,0,0,5,2,0,0,2,2,0,0
7231,0,0,0,0,0,0,0,0,0,0,0,0,0,0,0,0,0,0,0,0,0,0,0,0,0,0,0,0,0,0,0,0,0,0,0,0,0,0,0,0,0,0,0,0,0,0,0,0,0,0,0,0,0,0,0,0,0,0,0,0,0,0,0,0,0,0,0,0,0,1,3,1,0,0,0,1,1,2,6,3,3,2,1,6,3,6,8,3,7,6,5,0,7,4,2,5,2,7,4,9,3,1,0,3,1,1,2,3,0,0
7232,0,0,0,0,0,0,0,0,0,0,0,0,0,0,0,0,0,0,0,0,0,0,0,0,0,0,0,0,0,0,0,0,0,0,0,0,0,0,0,0,0,0,0,0,0,0,0,0,0,0,0,0,0,0,0,0,0,0,0,0,0,0,0,0,0,0,1,0,0,0,0,3,2,6,3,5,2,7,2,7,5,2,2,9,2,17,4,12,1,5,0,16,2,3,1,3,5,2,1,3,0,3,1,3,4,2,3,2,3,2
7233,0,0,0,0,0,0,0,0,0,0,0,0,0,0,0,0,0,0,0,0,0,0,0,0,0,0,0,0,0,0,0,0,0,0,0,0,0,0,0,0,0,0,0,0,0,0,0,0,0,0,0,0,0,0,0,0,0,0,0,0,0,0,0,0,0,0,0,0,0,4,0,0,0,0,1,9,2,4,5,6,0,1,0,2,1,0,4,6,3,3,1,7,5,1,17,0,4,0,3,1,4,1,0,5,0,1,0,1,0,0
7235,0,0,0,0,0,0,0,0,0,0,0,0,0,0,0,0,0,0,0,0,0,0,0,0,0,0,0,0,0,0,0,0,0,0,0,0,0,0,0,0,0,0,0,0,0,0,0,0,0,0,0,0,0,0,0,0,0,0,0,0,0,0,0,0,0,0,0,0,0,0,0,0,0,1,7,1,4,4,4,3,6,3,3,5,3,3,3,5,20,4,4,8,5,7,2,3,8,7,4,4,2,1,4,7,5,4,6,3,0,0
7311,0,0,0,0,0,0,0,0,0,0,0,0,0,0,0,0,0,0,0,0,0,0,0,0,0,0,0,0,0,0,0,0,0,0,0,0,0,0,0,0,0,0,0,0,0,0,0,0,0,0,0,0,0,0,0,0,0,0,0,0,0,0,0,0,0,0,0,0,0,1,0,0,0,0,0,0,2,5,1,2,0,0,1,0,0,1,3,0,3,0,3,2,1,1,1,0,0,0,0,4,0,0,0,0,1,0,1,0,3,0
7312,0,0,0,0,0,0,0,0,0,0,0,0,0,0,0,0,0,0,0,0,0,0,0,0,0,0,0,0,0,0,0,0,0,0,0,0,0,0,0,0,0,0,0,0,0,0,0,0,0,0,0,0,0,0,0,0,0,0,1,1,0,0,1,0,0,1,0,0,0,0,1,0,1,0,2,3,0,2,0,1,6,7,4,7,8,4,3,1,1,0,5,3,4,4,3,0,1,1,8,2,1,2,0,0,2,5,1,5,3,0
7313,0,0,0,0,0,0,0,0,0,0,0,0,0,0,0,0,0,0,0,0,0,0,0,0,0,0,0,0,0,0,0,0,0,0,0,0,0,0,0,0,0,0,0,0,0,0,0,0,0,0,0,0,0,0,0,0,0,0,0,0,0,0,0,0,0,0,0,0,0,0,0,0,0,1,0,0,0,1,2,1,0,0,2,6,0,7,6,3,2,1,2,6,2,1,0,2,0,0,4,0,0,0,0,1,0,0,0,1,1,0
7314,0,0,0,0,0,0,0,0,0,0,0,0,0,0,0,0,0,0,0,0,0,0,0,0,0,0,0,0,0,0,0,0,0,0,0,0,0,0,0,0,0,0,0,0,0,0,0,0,0,0,0,0,0,0,0,0,0,0,0,0,0,0,0,0,0,0,0,0,0,0,1,0,0,0,0,5,4,2,1,5,0,0,5,5,7,8,9,0,11,4,14,9,14,14,3,17,6,6,5,3,3,6,30,18,8,7,4,9,8,0
7315,0,0,0,0,0,0,0,0,0,0,0,0,0,0,0,0,0,0,0,0,0,0,0,0,0,0,0,0,0,0,0,0,0,0,0,0,0,0,0,0,0,0,0,0,0,0,0,0,0,0,0,0,0,0,0,0,0,0,0,0,0,0,0,1,0,1,0,0,0,1,1,8,1,4,1,7,5,15,6,10,7,16,7,9,10,15,21,15,21,5,8,16,12,23,3,17,13,22,18,22,9,8,0,1,3,18,13,17,25,2
7316,0,0,0,0,0,0,0,0,0,0,0,0,0,0,0,0,0,0,0,0,0,0,0,0,0,0,0,0,0,0,0,0,0,0,0,0,0,0,0,0,0,0,0,0,0,0,0,0,0,0,0,0,0,0,0,0,0,0,0,0,0,0,0,0,0,0,0,0,0,0,1,0,2,0,0,0,3,4,2,6,3,0,10,4,3,4,5,3,0,5,1,5,1,4,4,2,3,2,4,0,5,0,0,0,1,2,0,1,0,0
7317,0,0,0,0,0,0,0,0,0,0,0,0,0,0,0,0,0,0,0,0,0,0,0,0,0,0,0,0,0,0,0,0,0,0,0,0,0,0,0,0,0,0,0,0,0,0,0,0,0,0,0,0,0,0,0,0,0,0,0,0,0,0,0,0,0,0,0,0,0,0,0,0,0,0,0,0,0,0,1,0,2,2,2,0,4,1,0,0,3,0,0,4,1,0,4,0,0,0,0,2,0,0,0,1,0,3,0,0,0,0
7318,0,0,0,0,0,0,0,0,0,0,0,0,0,0,0,0,0,0,0,0,0,0,0,0,0,0,0,0,0,0,0,0,0,0,0,0,0,0,0,0,0,0,0,0,0,0,0,0,0,0,0,0,0,0,0,0,0,0,0,0,0,0,0,0,0,0,0,0,0,0,0,0,2,0,0,1,1,3,0,0,0,0,5,0,2,0,8,0,1,1,5,2,3,1,0,2,0,1,2,6,0,1,0,2,2,1,0,1,2,0
7319,0,0,0,0,0,0,0,0,0,0,0,0,0,0,0,0,0,0,0,0,0,0,0,0,0,0,0,0,0,0,0,0,0,0,0,0,0,0,0,0,0,0,0,0,0,0,0,0,0,0,0,0,0,0,0,0,0,0,0,0,0,0,0,0,0,0,0,0,0,0,0,0,0,1,0,0,11,4,7,7,4,6,6,4,3,4,4,7,0,5,6,4,3,16,10,2,0,7,6,0,7,3,3,1,2,2,2,8,3,0
7320,0,0,0,0,0,0,0,0,0,0,0,0,0,0,0,0,0,0,0,0,0,0,0,0,0,0,0,0,0,0,0,0,0,0,0,0,0,0,0,0,0,0,0,0,0,0,0,0,0,0,0,0,0,0,0,0,0,0,0,0,0,0,0,0,0,0,0,0,0,0,0,0,0,0,0,0,0,0,0,2,1,0,0,1,0,1,4,0,0,2,1,5,2,2,4,0,0,1,0,0,0,4,0,1,1,0,2,1,0,0
7331,0,0,0,0,0,0,0,0,0,0,0,0,0,0,0,0,0,0,0,0,0,0,0,0,0,0,0,0,0,0,0,0,0,0,0,0,0,0,0,0,0,0,0,0,0,0,0,0,0,0,0,0,0,0,0,0,0,0,0,0,0,0,0,0,0,0,0,0,0,0,0,2,0,5,0,4,13,1,9,9,1,7,6,2,3,7,5,5,3,1,4,4,3,5,5,0,0,4,9,4,9,3,0,3,9,3,5,7,3,0
7332,0,0,0,0,0,0,0,0,0,0,0,0,0,0,0,0,0,0,0,0,0,0,0,0,0,0,0,0,0,0,0,0,0,0,0,0,0,0,0,0,0,0,0,0,0,0,0,0,0,0,0,0,0,0,0,0,0,0,0,0,0,0,0,1,0,0,1,0,3,0,2,1,4,2,1,6,17,9,7,13,15,6,12,12,7,15,8,18,1,7,10,10,11,9,11,2,8,4,10,10,9,5,3,2,2,4,9,11,2,0
7333,0,0,0,0,0,0,0,0,0,0,0,0,0,0,0,0,0,0,0,0,0,0,0,0,0,0,0,0,0,0,0,0,0,0,0,0,0,0,0,0,0,0,0,0,0,0,0,0,0,0,0,0,0,0,0,0,0,0,0,0,0,0,0,0,0,0,0,0,0,0,0,1,1,0,0,0,6,4,0,5,0,12,0,3,3,12,5,0,4,2,2,3,0,7,0,0,1,4,2,4,6,0,0,0,9,3,2,4,0,0
7334,0,0,0,0,0,0,0,0,0,0,0,0,0,0,0,0,0,0,0,0,0,0,0,0,0,0,0,0,0,0,0,0,0,0,0,0,0,0,0,0,0,0,0,0,0,0,0,0,0,0,0,0,0,0,0,0,0,0,0,0,0,0,0,1,0,0,0,0,0,0,1,0,2,5,0,1,2,6,4,4,2,2,0,6,9,7,4,3,3,2,4,5,0,16,7,1,0,3,6,3,7,1,0,0,2,1,3,0,5,0
7335,0,0,0,0,0,0,0,0,0,0,0,0,0,0,0,0,0,0,0,0,0,0,0,0,0,0,0,0,0,0,0,0,0,0,0,0,0,0,0,0,0,0,0,0,0,0,0,0,0,0,0,0,0,0,0,0,0,0,0,0,0,0,0,0,0,0,0,0,0,0,3,2,1,0,2,3,0,1,0,2,8,9,0,8,4,4,3,4,0,0,6,3,1,1,2,3,1,3,6,3,3,1,0,2,1,2,2,1,0,0
7336,0,0,0,0,0,0,0,0,0,0,0,0,0,0,0,0,0,0,0,0,0,0,0,0,0,0,0,0,0,0,0,0,0,0,0,0,0,0,0,0,0,0,0,0,0,0,0,0,0,0,0,0,0,0,0,0,0,0,0,0,0,0,0,0,0,0,0,0,0,0,0,1,12,0,1,0,1,3,0,1,2,3,2,5,1,1,3,8,1,1,3,4,4,3,4,0,0,3,2,3,4,1,3,1,0,1,2,0,0,0
7337,0,0,0,0,0,0,0,0,0,0,0,0,0,0,0,0,0,0,0,0,0,0,0,0,0,0,0,0,0,0,0,0,0,0,0,0,0,0,0,0,0,0,0,0,0,0,0,0,0,0,0,0,0,0,0,0,0,0,0,0,0,0,0,0,0,0,0,0,0,0,0,1,0,8,0,9,2,2,4,5,2,0,2,6,5,10,6,4,6,6,7,12,11,5,3,3,2,0,1,6,4,0,0,0,1,3,3,1,0,0
7338,0,0,0,0,0,0,0,0,0,0,0,0,0,0,0,0,0,0,0,0,0,0,0,0,0,0,0,0,0,0,0,0,0,0,0,0,0,0,0,0,0,0,0,0,0,0,0,0,0,0,0,0,0,0,0,0,0,0,0,0,0,0,0,0,0,0,0,0,0,0,0,1,0,0,0,1,3,2,1,1,0,0,27,5,3,2,16,0,5,1,29,12,11,12,9,4,2,3,6,8,0,0,4,1,1,10,5,3,5,0
7339,0,0,0,0,0,0,0,0,0,0,0,0,0,0,0,0,0,0,0,0,0,0,0,0,0,0,0,0,0,0,0,0,0,0,0,0,0,0,0,0,0,0,0,0,0,0,0,0,0,0,0,0,0,0,0,0,0,0,0,0,0,0,0,0,0,0,0,0,0,0,2,3,4,3,3,1,5,6,6,10,9,3,9,13,8,10,21,3,9,3,13,25,17,16,5,12,5,9,16,14,15,5,1,3,3,19,14,6,5,0
7340,0,0,0,0,0,0,0,0,0,0,0,0,0,0,0,0,0,0,0,0,0,0,0,0,0,0,0,0,0,0,0,0,0,0,0,0,0,0,0,0,0,0,0,0,0,0,0,0,0,0,0,0,0,0,0,0,0,0,0,0,0,0,0,0,0,0,0,0,0,0,0,0,0,0,0,1,2,0,0,8,1,4,2,2,4,7,2,5,3,5,3,7,7,8,7,0,1,2,1,2,0,11,0,2,1,1,3,1,0,0
8111,0,0,0,0,0,0,0,0,0,0,0,0,0,0,0,0,0,0,0,0,0,0,0,0,0,0,0,0,0,0,0,0,0,0,0,0,0,0,0,0,0,0,0,0,0,0,0,0,0,0,0,0,0,0,0,0,0,0,0,0,0,0,0,1,2,2,5,0,8,12,6,11,38,32,21,70,27,67,34,62,45,16,25,36,36,64,57,37,44,24,44,38,27,26,26,12,24,35,23,28,6,19,44,6,20,25,16,12,10,0
8115,0,0,0,0,0,0,0,0,0,0,0,0,0,0,0,0,0,0,0,0,0,0,0,0,0,0,0,0,0,0,0,0,0,0,0,0,0,0,0,0,0,0,0,0,0,0,0,0,0,0,0,0,0,0,0,0,0,1,0,0,0,0,0,0,2,0,0,0,1,0,2,3,12,6,13,9,23,42,34,56,37,26,53,48,34,56,55,46,42,31,50,73,51,44,40,60,29,39,22,60,22,34,2,17,6,16,26,6,0,0
8116,0,0,0,0,0,0,0,0,0,0,0,0,0,0,0,0,0,0,0,0,0,0,0,0,0,0,0,0,0,0,0,0,0,0,0,0,0,0,0,0,0,0,0,0,0,0,0,0,0,0,0,0,0,0,0,0,1,0,0,0,1,1,3,6,5,3,3,1,0,16,13,17,15,39,6,79,51,48,38,77,13,48,15,64,40,54,72,56,19,42,72,61,58,61,26,12,29,57,36,56,47,42,19,13,8,30,22,18,16,0
8117,0,0,0,0,0,0,0,0,0,0,0,0,0,0,0,0,0,0,0,0,0,0,0,0,0,0,0,0,0,0,0,0,0,0,0,0,0,0,0,0,0,0,0,0,0,0,0,0,0,0,0,0,0,0,0,1,0,0,0,0,0,1,0,1,0,0,0,0,0,5,7,17,5,7,11,3,17,25,38,34,19,5,11,28,32,29,42,29,19,11,52,29,24,23,26,3,9,29,20,29,5,0,20,7,4,23,4,6,3,0
8118,0,0,0,0,0,0,0,0,0,0,0,0,0,0,0,0,0,0,0,0,0,0,0,0,0,0,0,0,0,0,0,0,0,0,0,0,0,0,0,0,0,0,0,0,0,0,0,0,0,0,0,0,0,2,0,0,0,1,1,0,0,1,0,2,2,0,3,0,3,2,8,13,20,34,2,16,31,42,31,44,25,10,59,45,65,84,80,53,17,46,64,58,81,83,38,11,20,60,51,49,21,33,9,6,10,17,33,6,0,0
8119,0,0,0,0,0,0,0,0,0,0,0,0,0,0,0,0,0,0,0,0,0,0,0,0,0,0,0,0,0,0,0,0,0,0,0,0,0,0,0,0,0,0,0,0,0,0,0,0,0,0,0,0,0,0,0,0,0,0,0,0,0,0,5,0,1,1,1,0,0,7,10,2,12,8,4,3,17,23,22,31,43,11,29,32,37,67,59,35,36,14,53,57,49,105,33,10,19,37,46,22,23,9,4,1,6,27,16,0,0,1
8121,0,0,0,0,0,0,0,0,0,0,0,0,0,0,0,0,0,0,0,0,0,0,0,0,0,0,0,0,0,0,0,0,0,0,0,0,0,0,0,0,0,0,0,0,0,0,0,0,0,0,0,0,0,0,0,0,0,0,0,0,1,0,1,0,1,0,0,0,0,0,0,1,0,3,2,1,4,8,2,11,8,16,5,13,13,20,15,19,11,13,9,22,36,15,20,9,3,4,19,13,14,8,1,6,6,1,7,3,18,0
8125,0,0,0,0,0,0,0,0,0,0,0,0,0,0,0,0,0,0,0,0,0,0,0,0,0,0,0,0,0,0,0,0,0,0,0,0,0,0,0,0,0,0,0,0,0,0,0,0,0,0,0,0,0,0,0,0,0,0,1,0,0,5,0,4,5,5,0,6,1,3,4,0,2,10,3,8,14,39,8,23,25,31,15,24,33,47,25,23,25,23,21,18,30,22,14,20,14,25,27,35,14,4,7,2,17,8,24,23,30,0
8126,0,0,0,0,0,0,0,0,0,0,0,0,0,0,0,0,0,0,0,0,0,0,0,0,0,0,0,0,0,0,0,0,0,0,0,0,0,0,0,0,0,0,0,0,0,0,0,0,0,0,0,0,0,0,0,0,0,0,0,0,0,0,0,0,1,0,1,1,0,4,3,12,3,26,0,10,67,45,12,34,14,25,4,17,22,31,41,30,40,9,20,34,10,15,14,7,32,10,11,29,18,7,10,5,4,7,7,10,6,1
8127,0,0,0,0,0,0,0,0,0,0,0,0,0,0,0,0,0,0,0,0,0,0,0,0,0,0,0,0,0,0,0,0,0,0,0,0,0,0,0,0,0,0,0,0,0,0,0,0,0,0,0,0,0,0,0,0,0,0,0,0,0,0,0,0,0,0,0,0,1,7,5,4,5,9,2,1,26,12,14,19,21,17,10,16,28,53,24,21,19,30,16,41,37,39,35,14,22,11,33,17,7,12,4,1,9,14,21,17,9,0
8128,0,0,0,0,0,0,0,0,0,0,0,0,0,0,0,0,0,0,0,0,0,0,0,0,0,0,0,0,0,0,0,0,0,0,0,0,0,0,0,0,0,0,0,0,0,0,0,0,0,0,0,0,0,0,0,0,0,0,0,0,0,0,0,1,5,16,0,0,1,1,4,3,1,1,0,1,2,1,2,4,12,1,2,3,7,7,21,19,2,13,21,21,7,16,39,10,4,8,3,3,17,13,0,0,9,1,11,3,3,1
8135,0,0,0,0,0,0,0,0,0,0,0,0,0,0,0,0,0,0,0,0,0,0,0,0,0,0,0,0,0,0,0,0,0,0,0,0,0,0,0,0,0,0,0,0,0,0,0,0,0,0,0,0,0,0,0,0,0,0,0,0,0,0,0,0,0,0,0,0,0,0,0,4,0,12,0,0,0,15,5,11,0,11,3,7,29,18,7,0,0,35,36,12,17,3,6,0,4,29,11,2,0,34,2,0,12,24,22,20,0,7
8136,0,0,0,0,0,0,0,0,0,0,0,0,0,0,0,0,0,0,0,0,0,0,0,0,0,0,0,0,0,0,0,0,0,0,0,0,0,0,0,0,0,0,0,0,0,0,0,0,0,0,0,0,0,0,0,0,0,0,1,0,0,0,1,2,0,0,0,0,1,1,4,7,10,6,8,5,45,23,17,26,15,15,14,31,28,25,18,28,6,23,33,35,14,18,8,9,8,26,15,72,47,150,16,4,18,11,40,67,2,0
8211,0,0,0,0,0,0,0,0,0,0,0,0,0,0,0,0,0,0,0,0,0,0,0,0,0,0,0,0,0,0,0,0,0,0,0,0,0,0,0,0,0,0,0,0,0,0,0,0,0,0,0,0,0,0,0,0,0,0,0,0,0,0,0,0,0,0,1,0,0,1,1,0,1,0,1,7,1,3,3,3,3,8,0,4,2,4,11,14,4,8,9,2,9,8,1,3,0,11,6,6,4,1,5,1,0,4,8,1,0,0
8212,0,0,0,0,0,0,0,0,0,0,0,0,0,0,0,0,0,0,0,0,0,0,0,0,0,0,0,0,0,0,0,0,0,0,0,0,0,0,0,0,0,0,0,0,0,0,0,0,0,0,0,0,0,0,0,0,0,0,0,0,0,0,0,0,0,2,0,0,0,2,1,4,6,5,1,7,2,11,15,6,4,12,10,11,12,23,4,15,8,8,7,13,12,13,15,7,8,13,12,9,12,5,2,5,2,2,1,4,4,0
8215,0,0,0,0,0,0,0,0,0,0,0,0,0,0,0,0,0,0,0,0,0,0,0,0,0,0,0,0,0,0,0,0,0,0,0,0,0,0,0,0,0,0,0,0,0,0,0,0,0,0,0,0,0,1,0,0,0,0,0,0,0,0,1,0,0,2,4,0,1,6,3,2,10,9,0,17,12,27,30,27,10,18,11,14,21,28,16,37,24,14,24,31,109,60,14,6,22,16,21,56,46,4,1,3,3,12,19,14,11,0
8216,0,0,0,0,0,0,0,0,0,0,0,0,0,0,0,0,0,0,0,0,0,0,0,0,0,0,0,0,0,0,0,0,0,0,0,0,0,0,0,0,0,0,0,0,0,0,0,0,0,0,0,0,0,0,0,0,0,0,0,0,0,0,0,0,0,0,2,0,3,3,4,0,6,5,3,11,14,12,11,19,7,46,0,29,13,33,18,27,10,5,18,14,23,14,12,8,1,19,11,7,7,3,6,3,3,11,15,3,4,0
8221,0,0,0,0,0,0,0,0,0,0,0,0,0,0,0,0,0,0,0,0,0,0,0,0,0,0,0,0,0,0,0,0,0,0,0,0,0,0,0,0,0,0,0,0,0,0,0,0,0,0,0,0,0,0,0,0,0,0,0,0,0,0,0,2,0,2,0,0,1,0,2,1,4,1,4,3,4,23,11,8,21,17,3,5,16,8,18,8,17,14,14,12,18,9,4,10,6,9,4,4,3,2,4,2,0,1,1,1,0,0
8222,0,0,0,0,0,0,0,0,0,0,0,0,0,0,0,0,0,0,0,0,0,0,0,0,0,0,0,0,0,0,0,0,0,0,0,0,0,0,0,0,0,0,0,0,0,0,0,0,0,0,0,0,0,0,0,0,0,0,0,0,0,2,0,2,1,1,0,0,4,1,3,8,4,0,0,32,8,11,6,18,0,2,38,16,7,10,15,16,7,7,10,15,17,20,10,21,10,14,7,13,16,3,5,0,10,10,7,8,2,1
8225,0,0,0,0,0,0,0,0,0,0,0,0,0,0,0,0,0,0,0,0,0,0,0,0,0,0,0,0,0,0,0,0,0,0,0,0,0,0,0,0,0,0,0,0,0,0,0,0,0,0,0,0,0,0,0,0,0,0,0,0,0,0,0,0,0,0,1,0,1,2,2,2,1,1,2,3,4,7,1,6,6,4,2,7,8,9,12,9,3,8,8,13,12,10,4,1,2,4,11,11,7,6,6,4,2,52,7,12,8,1
8226,0,0,0,0,0,0,0,0,0,0,0,0,0,0,0,0,0,0,0,0,0,0,0,0,0,0,0,0,0,0,0,0,0,0,0,0,0,0,0,0,0,0,0,0,0,0,0,0,0,0,0,0,0,0,0,0,0,0,1,0,0,0,0,0,2,1,0,1,3,4,10,2,11,12,14,18,8,41,26,44,31,27,33,29,42,34,38,36,39,41,35,21,37,22,13,10,13,8,8,13,9,9,18,8,8,17,4,5,0,0
8231,0,0,0,0,0,0,0,0,0,0,0,0,0,0,0,0,0,0,0,0,0,0,0,0,0,0,0,0,0,0,0,0,0,0,0,0,0,0,0,0,0,0,0,0,0,0,0,0,0,0,0,0,0,0,0,0,0,0,0,0,0,0,0,0,0,0,0,0,0,3,0,1,0,0,0,2,0,1,5,1,4,0,3,0,1,0,3,5,5,8,5,5,6,4,9,2,4,2,6,3,4,2,10,3,0,4,36,17,6,4
8235,0,0,0,0,0,0,0,0,0,0,0,0,0,0,0,0,0,0,0,0,0,0,0,0,0,0,0,0,0,0,0,0,0,0,0,0,0,0,0,0,0,0,0,0,0,0,0,0,0,0,0,0,0,0,0,0,0,0,0,0,0,0,0,0,1,0,0,0,1,5,4,3,12,8,9,5,13,16,15,21,19,18,9,24,26,20,31,19,17,13,26,11,27,32,10,10,6,12,14,20,0,40,0,9,4,12,4,17,7,0
8236,0,0,0,0,0,0,0,0,0,0,0,0,0,0,0,0,0,0,0,0,0,0,0,0,0,0,0,0,0,0,0,0,0,0,0,0,0,0,0,0,0,0,0,0,0,0,0,0,0,0,0,0,0,0,0,0,0,0,0,0,0,0,0,0,0,0,1,0,0,1,0,2,0,0,0,6,1,5,6,3,6,0,7,8,13,5,20,6,21,7,12,13,19,12,23,7,5,17,18,14,18,38,4,12,1,11,27,17,9,16
8237,0,0,0,0,0,0,0,0,0,0,0,0,0,0,0,0,0,0,0,0,0,0,0,0,0,0,0,0,0,0,0,0,0,0,0,0,0,0,0,0,0,0,0,0,0,0,0,0,0,0,0,0,0,0,0,0,0,0,0,0,0,0,0,0,0,0,1,0,0,0,0,1,1,4,1,2,3,0,2,15,3,28,5,10,25,25,23,13,17,3,12,17,10,37,12,8,7,51,10,48,10,29,2,1,4,8,21,6,1,0
8311,0,0,0,0,0,0,0,0,0,0,0,0,0,0,0,0,0,0,0,0,0,0,0,0,0,0,0,0,0,0,0,0,0,0,0,0,0,0,0,0,0,0,0,0,0,0,0,0,0,0,0,0,0,0,0,0,1,0,0,2,0,0,0,0,0,2,2,1,4,2,6,15,9,3,9,15,27,38,27,43,10,12,12,43,15,42,37,34,19,33,45,54,42,52,16,8,29,26,43,38,21,3,13,1,7,9,11,13,6,0
8315,0,0,0,0,0,0,0,0,0,0,0,0,0,0,0,0,0,0,0,0,0,0,0,0,0,0,0,0,0,0,0,0,0,0,0,0,0,0,0,0,0,0,0,0,0,0,0,0,0,0,0,0,0,0,0,0,1,1,1,0,0,0,3,1,1,1,1,0,3,1,5,7,5,15,2,15,27,32,23,28,15,10,9,51,8,24,45,56,25,41,47,62,50,50,29,4,14,45,52,19,25,9,6,8,25,19,29,14,7,0
8316,0,0,0,0,0,0,0,0,0,0,0,0,0,0,0,0,0,0,0,0,0,0,0,0,0,0,0,0,0,0,0,0,0,0,0,0,0,0,0,0,0,0,0,0,0,0,0,0,0,0,0,0,0,0,0,0,0,0,0,0,0,0,0,1,0,1,2,3,6,2,1,1,4,9,5,8,17,8,33,11,11,1,17,13,17,8,23,35,10,20,28,34,23,23,21,1,6,18,17,13,13,9,5,0,4,2,13,6,4,1
8317,0,0,0,0,0,0,0,0,0,0,0,0,0,0,0,0,0,0,0,0,0,0,0,0,0,0,0,0,0,0,0,0,0,0,0,0,0,0,0,0,0,0,0,0,0,0,0,0,0,0,0,0,0,0,0,0,0,0,0,0,0,0,0,0,3,6,0,1,2,3,0,4,9,5,7,4,4,14,12,7,8,27,8,22,29,25,34,50,24,37,39,72,82,48,32,8,14,28,54,33,45,15,2,7,11,17,19,21,5,0
8325,0,0,0,0,0,0,0,0,0,0,0,0,0,0,0,0,0,0,0,0,0,0,0,0,0,0,0,0,0,0,0,0,0,0,0,0,0,0,0,0,0,0,0,0,0,0,0,0,0,0,0,0,0,0,0,0,1,0,0,0,0,0,0,0,0,0,0,0,0,0,0,1,1,0,0,0,2,2,0,3,0,0,1,18,32,23,11,10,1,33,21,23,40,34,19,24,15,9,16,41,33,19,0,32,5,24,16,13,11,0
8326,0,0,0,0,0,0,0,0,0,0,0,0,0,0,0,0,0,0,0,0,0,0,0,0,0,0,0,0,0,0,0,0,0,0,0,0,0,0,0,0,0,0,0,0,0,0,0,0,0,0,0,0,0,0,0,0,0,0,0,0,0,0,0,0,0,0,1,0,0,0,1,1,6,2,6,3,11,4,7,16,19,3,12,22,26,16,14,7,4,21,7,29,21,27,15,9,10,12,16,17,6,2,6,4,17,8,7,2,10,1
8327,0,0,0,0,0,0,0,0,0,0,0,0,0,0,0,0,0,0,0,0,0,0,0,0,0,0,0,0,0,0,0,0,0,0,0,0,0,0,0,0,0,0,0,0,0,0,0,0,0,0,0,0,0,0,0,0,0,0,0,0,0,0,0,0,0,0,0,1,1,0,1,1,4,3,0,0,3,2,3,1,2,3,12,6,35,21,33,7,3,24,17,14,41,0,34,13,20,11,13,7,15,3,3,0,8,19,3,4,4,0
8335,0,0,0,0,0,0,0,0,0,0,0,0,0,0,0,0,0,0,0,0,0,0,0,0,0,0,0,0,0,0,0,0,0,0,0,0,0,0,0,0,0,0,0,0,0,0,0,0,0,0,0,0,0,0,0,0,0,0,0,0,0,0,0,0,0,1,0,0,0,1,5,2,18,4,0,10,3,13,8,7,7,1,7,10,20,4,13,3,2,31,12,34,26,20,20,1,10,8,22,11,14,5,0,7,3,9,7,4,11,0
8336,0,0,0,0,0,0,0,0,0,0,0,0,0,0,0,0,0,0,0,0,0,0,0,0,0,0,0,0,0,0,0,0,0,0,0,0,0,0,0,0,0,0,0,0,0,0,0,0,0,0,0,0,0,0,0,0,0,0,0,0,0,0,1,0,0,0,0,0,0,1,1,5,4,4,1,4,11,14,13,25,9,12,16,17,13,12,6,33,5,27,45,20,26,34,4,8,9,7,16,25,2,15,4,2,4,2,12,16,6,12
8337,0,0,0,0,0,0,0,0,0,0,0,0,0,0,0,0,0,0,0,0,0,0,0,0,0,0,0,0,0,0,0,0,0,0,0,0,0,0,0,0,0,0,0,0,0,0,0,0,0,0,0,0,0,0,0,0,0,0,0,0,0,0,0,0,0,0,0,0,0,1,2,1,0,4,1,1,4,4,6,9,6,2,14,6,4,7,12,10,8,4,9,10,20,25,15,2,11,8,18,6,6,9,4,0,1,3,13,7,4,2
8415,0,0,0,0,0,0,0,0,0,0,0,0,0,0,0,0,0,0,0,0,0,0,0,0,0,0,0,0,0,0,0,0,0,0,0,0,0,0,0,0,0,0,0,0,0,0,0,0,0,0,0,0,0,0,0,0,0,0,0,0,0,0,0,0,0,0,0,1,0,1,4,3,11,10,2,1,2,11,30,26,6,10,6,55,36,34,41,16,33,56,57,50,98,62,20,33,20,47,47,30,8,76,113,60,39,40,17,21,17,8
8416,0,0,0,0,0,0,0,0,0,0,0,0,0,0,0,0,0,0,0,0,0,0,0,0,0,0,0,0,0,0,0,0,0,0,0,0,0,0,0,0,0,0,0,0,0,0,0,0,0,0,0,0,0,0,0,1,1,0,0,0,0,0,0,0,0,0,1,0,1,5,8,5,20,7,19,17,17,11,19,6,16,6,38,184,120,49,73,30,21,19,61,24,48,60,30,34,16,26,32,36,10,7,7,10,6,31,8,10,7,0
8417,0,0,0,0,0,0,0,0,0,0,0,0,0,0,0,0,0,0,0,0,0,0,0,0,0,0,0,0,0,0,0,0,0,0,0,0,0,0,0,0,0,0,0,0,0,0,0,0,0,0,0,0,0,0,1,0,1,0,0,0,0,1,2,9,2,0,0,0,2,6,1,0,8,3,1,6,16,6,12,5,15,17,41,9,57,37,20,61,9,39,48,18,28,21,48,17,22,28,21,25,23,38,15,16,16,16,24,20,12,34
8421,0,0,0,0,0,0,0,0,0,0,0,0,0,0,0,0,0,0,0,0,0,0,0,0,0,0,0,0,0,0,0,0,0,0,0,0,0,0,0,0,0,0,0,0,0,0,0,0,0,0,0,0,0,0,0,0,0,0,0,0,0,0,2,1,0,0,0,1,0,1,1,1,3,3,0,0,7,7,10,8,9,4,9,12,13,9,4,9,4,8,16,14,10,9,8,10,2,4,7,1,8,0,3,3,0,5,0,0,1,0
8425,0,0,0,0,0,0,0,0,0,0,0,0,0,0,0,0,0,0,0,0,0,0,0,0,0,0,0,0,0,0,0,0,0,0,0,0,0,0,0,0,0,0,0,0,0,0,0,0,0,0,0,0,0,0,0,0,0,0,1,0,0,0,0,3,0,0,1,0,0,1,2,0,3,4,2,1,9,3,9,14,9,2,8,24,26,43,26,20,15,17,16,26,16,39,7,19,5,7,27,11,10,1,1,4,3,6,5,9,0,0
8426,0,0,0,0,0,0,0,0,0,0,0,0,0,0,0,0,0,0,0,0,0,0,0,0,0,0,0,0,0,0,0,0,0,0,0,0,0,0,0,0,0,0,0,0,0,0,0,0,0,0,0,0,0,0,0,0,0,0,0,0,0,0,0,0,0,2,1,0,0,0,1,1,0,0,0,6,7,23,9,1,0,19,0,32,37,21,25,0,17,4,15,16,21,36,19,12,10,26,35,17,8,0,3,11,1,13,14,4,0,0
8435,0,0,0,0,0,0,0,0,0,0,0,0,0,0,0,0,0,0,0,0,0,0,0,0,0,0,0,0,0,0,0,0,0,0,0,0,0,0,0,0,0,0,0,0,0,0,0,0,0,0,0,0,0,0,0,0,0,0,0,0,0,0,0,1,0,0,0,0,0,0,3,4,5,9,7,3,9,22,7,2,11,0,7,31,32,8,17,6,1,1,4,13,11,5,5,3,3,9,8,5,3,4,0,0,0,3,3,4,1,0
8436,0,0,0,0,0,0,0,0,0,0,0,0,0,0,0,0,0,0,0,0,0,0,0,0,0,0,0,0,0,0,0,0,0,0,0,0,0,0,0,0,0,0,0,0,0,0,1,0,0,0,0,0,0,0,1,0,0,0,0,0,0,0,1,0,1,1,0,0,2,4,8,7,18,6,2,16,23,16,19,8,7,0,36,72,32,22,25,7,0,24,14,13,12,6,14,1,13,15,6,12,2,5,1,0,0,14,8,2,3,0
8437,0,0,0,0,0,0,0,0,0,0,0,0,0,0,0,0,0,0,0,0,0,0,0,0,0,0,0,0,0,0,0,0,0,0,0,0,0,0,0,0,0,0,0,0,0,0,0,0,0,0,0,0,0,0,0,0,0,0,0,0,0,0,0,1,0,0,0,0,0,2,1,2,6,0,12,2,6,12,19,19,6,3,22,31,36,44,55,26,8,13,47,44,46,13,18,19,29,14,22,10,13,17,4,1,38,15,10,9,3,0
9161,0,0,0,0,0,0,0,0,0,0,0,0,0,0,0,0,0,0,0,0,0,0,0,0,0,0,0,0,0,0,0,0,0,0,0,0,0,0,0,0,0,0,0,0,0,0,0,0,0,0,0,0,0,0,0,0,0,0,0,0,0,0,0,0,0,1,0,0,0,0,0,0,0,0,0,0,1,1,1,1,0,0,7,2,12,4,24,17,1,1,14,17,29,31,15,7,20,40,16,4,0,27,0,21,6,2,16,11,1,0
9162,0,0,0,0,0,0,0,0,0,0,0,0,0,0,0,0,0,0,0,0,0,0,0,0,0,0,0,0,1,0,0,0,0,1,1,0,0,0,0,0,0,1,0,0,0,0,0,0,0,0,0,0,0,0,0,0,0,0,2,0,0,3,1,3,5,13,0,1,22,25,21,19,48,65,18,65,143,210,173,198,180,86,91,167,240,257,260,136,175,112,309,232,143,178,135,82,117,140,156,107,99,103,73,60,88,108,80,73,11,0
9163,0,0,0,0,0,0,0,0,0,0,0,0,0,0,0,0,0,0,0,0,0,0,0,0,0,0,0,0,0,0,0,0,0,0,0,0,0,0,0,0,0,0,0,0,0,0,0,0,0,0,0,0,0,0,0,0,0,0,0,0,0,0,0,0,0,0,0,0,0,0,1,0,0,0,2,0,0,4,0,17,7,19,1,6,18,16,26,12,2,3,1,11,22,30,0,1,9,11,20,11,13,18,2,0,16,2,22,16,0,9
9171,0,0,0,0,0,0,0,0,0,0,0,0,0,0,0,0,0,0,0,0,0,0,0,0,0,0,0,0,0,0,0,0,0,0,0,0,0,0,0,0,0,0,0,0,0,0,0,0,0,0,0,0,0,0,0,0,0,0,0,0,0,0,0,0,0,0,0,0,0,0,0,0,0,0,0,0,1,6,6,4,10,7,2,10,25,7,16,8,19,15,19,41,17,27,18,24,31,16,43,16,29,8,0,0,17,27,33,14,6,11
9172,0,0,0,0,0,0,0,0,0,0,0,0,0,0,0,0,0,0,0,0,0,0,0,0,0,0,0,0,0,0,0,0,0,0,0,0,0,0,0,0,0,0,0,0,0,0,0,0,0,0,0,0,0,0,0,0,0,0,0,0,0,0,0,0,0,0,0,0,0,0,0,1,0,0,0,5,1,0,1,0,0,0,11,19,8,13,5,2,12,6,13,12,19,10,12,0,2,19,15,7,5,4,5,0,7,7,16,3,0,0
9173,0,0,0,0,0,0,0,0,0,0,0,0,0,0,0,0,0,0,0,0,0,0,0,0,0,0,0,0,0,0,0,0,0,0,0,0,0,0,0,0,0,0,0,0,0,0,0,0,0,0,0,0,0,0,0,0,0,0,0,0,0,0,0,0,0,0,0,0,0,0,2,2,2,4,0,1,0,11,6,21,2,0,6,20,24,15,21,7,5,16,16,26,20,10,22,7,14,19,11,13,14,3,4,1,0,17,6,7,3,0
9174,0,0,0,0,0,0,0,0,0,0,0,0,0,0,0,0,0,0,0,0,0,0,0,0,0,0,0,0,0,0,0,0,0,0,0,0,0,0,0,0,0,0,0,0,0,0,0,0,0,0,0,0,0,0,0,0,0,0,0,0,0,0,0,0,0,0,0,0,2,0,3,1,5,1,1,1,0,24,8,20,3,3,14,15,51,57,20,24,10,7,43,36,55,51,6,13,18,31,32,35,25,13,1,7,18,20,22,17,11,16
9175,0,0,0,0,0,0,0,0,0,0,0,0,0,0,0,0,0,0,0,0,0,0,0,0,0,0,0,0,0,0,0,0,0,0,0,0,0,0,0,0,0,0,0,0,0,0,0,0,0,0,0,0,0,0,0,0,0,0,0,0,0,1,1,0,0,3,1,3,2,5,0,4,4,0,3,4,3,8,2,8,0,8,12,17,27,18,16,21,5,16,19,15,20,22,14,2,8,6,25,18,7,2,5,4,2,19,5,6,2,1
9176,0,0,0,0,0,0,0,0,0,0,0,0,0,0,0,0,0,0,0,0,0,0,0,0,0,0,0,0,0,0,0,0,0,0,0,0,0,0,0,0,0,0,0,0,0,0,0,0,0,0,0,0,0,0,0,0,0,0,0,0,0,0,0,0,0,0,0,0,0,0,0,1,1,0,0,0,1,3,7,2,10,2,3,5,7,6,5,19,0,9,17,9,4,12,6,2,15,9,9,8,13,4,2,4,2,9,5,11,10,0
9177,0,0,0,0,0,0,0,0,0,0,0,0,0,0,0,0,0,0,0,0,0,0,0,0,0,0,0,0,0,0,0,0,0,0,0,0,0,0,0,0,0,0,0,0,0,0,0,0,0,0,0,0,0,0,0,0,0,0,0,0,0,0,0,0,0,0,0,0,3,0,4,0,2,0,1,1,5,11,18,13,17,25,13,16,43,34,36,10,29,17,10,26,31,21,13,5,7,26,13,11,17,5,5,0,7,10,6,9,0,6
9178,0,0,0,0,0,0,0,0,0,0,0,0,0,0,0,0,0,0,0,0,0,0,0,0,0,0,0,0,0,0,0,0,0,0,0,0,0,0,0,0,0,0,1,0,0,0,0,0,0,0,0,0,0,0,0,0,0,0,0,0,1,0,0,1,1,19,3,10,2,13,0,0,1,22,0,19,17,20,28,15,43,16,16,39,29,29,53,36,11,30,36,66,35,33,35,7,20,33,18,43,22,14,0,11,14,3,13,8,4,5
9179,0,0,0,0,0,0,0,0,0,0,0,0,0,0,0,0,0,0,0,0,0,0,0,0,0,0,0,0,1,0,1,0,0,0,0,0,0,1,0,0,0,0,0,0,0,0,0,0,0,0,0,0,0,0,0,0,0,0,0,0,0,0,0,0,0,0,0,0,1,1,1,0,8,3,3,0,1,1,16,38,16,11,23,24,43,53,27,54,3,15,36,24,62,28,48,4,17,19,14,22,16,10,4,3,14,8,13,5,0,0
9180,0,0,0,0,0,0,0,0,0,0,0,0,0,0,0,0,0,0,0,0,0,0,0,0,0,0,0,0,0,0,0,0,0,0,0,0,0,0,0,0,0,0,0,0,0,0,0,0,0,0,0,0,0,0,0,0,0,0,0,0,0,0,0,0,0,0,0,0,1,1,0,0,1,2,0,1,1,11,7,4,7,7,3,6,12,8,15,7,12,7,10,5,10,39,5,1,2,8,7,2,5,1,0,0,9,3,8,3,5,0
9181,0,0,0,0,0,0,0,0,0,0,0,0,0,0,0,0,0,0,0,0,0,0,0,0,0,0,0,1,0,0,0,0,0,0,0,0,0,0,0,0,0,0,0,0,0,0,0,0,0,0,0,0,0,0,0,0,0,0,0,0,0,0,0,0,0,0,0,0,0,0,1,0,0,1,1,2,4,4,3,6,20,4,2,5,15,39,1,14,11,4,17,7,16,27,11,6,15,18,14,10,0,6,0,4,0,9,1,1,2,0
9182,0,0,0,0,0,0,0,0,0,0,0,0,0,0,0,0,0,0,0,0,0,0,0,0,0,0,0,0,0,0,0,0,0,0,0,0,0,0,0,0,0,0,0,0,0,0,0,0,0,0,0,0,0,0,0,0,0,0,0,0,0,0,0,0,1,0,0,0,0,0,0,0,16,16,0,0,0,14,11,3,47,28,22,13,18,23,26,32,10,15,17,16,28,21,25,4,12,9,8,17,2,2,6,2,2,4,5,4,1,0
9183,0,0,0,0,0,0,0,0,0,0,0,0,0,0,0,0,0,0,0,0,0,0,0,0,0,0,0,0,0,0,0,0,0,0,0,0,0,0,0,0,0,0,0,0,0,0,0,0,0,0,0,0,0,0,0,0,0,0,0,0,0,0,0,0,0,0,0,0,0,0,0,0,0,0,0,0,5,5,6,0,16,5,3,16,14,6,27,18,22,11,6,28,33,29,18,10,11,19,28,7,5,11,20,5,6,22,7,3,9,1
9184,0,0,0,0,0,0,0,0,0,0,0,0,0,0,0,0,0,0,0,0,0,0,0,0,0,0,0,0,0,0,0,0,0,0,1,0,0,0,0,0,0,0,0,0,0,0,0,0,0,0,0,0,0,0,0,0,0,0,0,0,0,0,2,0,2,0,0,0,3,6,3,9,15,1,25,2,26,23,32,52,38,18,33,29,60,44,86,23,21,26,60,63,44,60,57,10,21,32,34,27,34,14,8,6,17,24,15,18,11,0
9185,0,0,0,0,0,0,0,0,0,0,0,0,0,0,0,0,0,0,0,0,0,0,0,0,0,0,0,0,0,0,0,0,0,0,0,0,0,0,0,0,0,0,0,0,0,0,0,0,0,0,0,0,0,0,0,0,0,0,0,0,0,0,0,0,0,0,0,0,0,0,0,0,0,1,0,1,0,0,6,14,5,0,5,8,11,9,1,7,9,5,12,7,7,8,0,0,13,10,19,5,25,2,3,2,3,1,14,1,4,3
9186,0,0,0,0,0,0,0,0,0,0,0,0,0,0,0,0,0,0,0,0,0,0,0,0,0,0,0,0,0,0,0,0,0,0,0,0,0,0,0,0,0,0,0,0,0,0,0,0,0,0,0,0,0,0,0,0,0,0,0,0,0,0,0,0,0,0,0,1,1,1,3,0,1,1,1,2,5,3,3,4,3,3,2,14,5,8,16,23,6,13,18,24,15,14,18,7,9,17,6,11,20,6,2,1,2,3,4,4,4,0
9187,0,0,0,0,0,0,0,0,0,0,0,0,0,0,0,0,0,0,0,0,0,0,0,0,0,0,0,0,0,0,0,0,0,0,0,0,0,0,0,0,0,0,0,0,0,0,0,0,0,0,0,0,0,0,0,0,0,0,0,0,0,0,1,0,0,0,0,0,0,0,2,3,11,0,7,9,5,14,8,95,16,43,10,42,86,55,211,87,24,10,43,89,118,174,5,8,69,60,62,89,40,50,5,0,56,37,56,49,0,47
9188,0,0,0,0,0,0,0,0,0,0,0,0,0,0,0,0,0,0,0,0,0,0,0,0,0,0,0,1,0,0,0,0,0,0,0,0,0,0,0,0,0,1,0,0,0,0,0,0,0,0,0,0,0,0,0,0,0,0,0,0,1,0,0,0,1,2,4,0,0,6,4,11,5,8,1,4,8,11,16,16,13,13,12,33,39,23,10,20,9,22,30,18,23,17,9,1,11,9,6,23,5,6,2,0,9,8,3,5,1,1
9189,0,0,0,0,0,0,0,0,0,0,0,0,0,0,0,0,0,0,0,0,0,0,0,0,0,0,0,0,0,0,2,0,0,0,1,0,1,0,0,0,0,0,0,0,0,0,0,0,0,0,0,0,0,0,0,0,0,0,0,0,0,0,0,0,0,0,0,0,0,0,2,0,1,2,2,6,1,9,10,5,12,9,16,8,43,16,19,36,27,32,34,30,27,40,72,11,34,68,38,88,41,17,17,5,25,34,29,37,1,0
9190,0,0,0,0,0,0,0,0,0,0,0,0,0,0,0,0,0,0,0,0,0,0,0,0,0,0,0,0,0,0,0,0,0,0,0,0,0,0,0,0,0,0,0,0,0,0,0,0,0,0,0,0,0,0,0,0,0,0,0,0,0,0,0,0,1,1,1,0,0,0,5,0,0,5,4,0,14,10,11,13,23,8,4,17,20,12,18,16,4,13,11,30,21,16,7,4,5,8,4,1,0,14,0,1,3,1,2,7,1,0
9261,0,0,0,0,0,0,0,0,0,0,0,0,0,0,0,0,0,0,0,0,0,0,0,0,0,0,0,0,0,0,0,0,0,0,0,0,0,0,0,0,0,0,0,0,0,0,0,0,0,0,0,0,0,0,0,0,0,0,0,0,0,0,0,0,0,0,0,0,0,0,0,1,2,0,1,0,3,5,12,4,4,6,0,4,5,27,1,3,16,5,22,15,9,6,1,8,2,24,17,10,0,12,0,2,3,12,2,4,0,5
9262,0,0,0,0,0,0,0,0,0,0,0,0,0,0,0,0,0,0,0,0,0,0,0,0,0,0,0,0,0,0,0,0,0,0,0,0,0,0,0,0,0,0,0,0,0,0,0,0,0,0,0,0,0,0,0,0,0,0,0,0,0,0,0,0,0,0,0,0,0,0,0,1,1,1,0,0,1,1,1,1,8,0,1,2,2,7,2,11,3,2,5,3,9,20,3,1,0,4,5,2,6,0,6,0,3,3,0,1,0,0
9263,0,0,0,0,0,0,0,0,0,0,0,0,0,0,0,0,0,0,0,0,0,0,0,0,0,0,0,0,0,0,0,0,0,0,0,0,0,0,0,0,0,0,0,0,0,0,0,0,0,0,0,0,0,0,0,0,0,0,0,0,0,0,0,0,0,0,0,0,0,0,1,1,1,1,2,0,2,5,7,8,11,3,0,2,6,9,10,1,9,7,16,18,14,19,15,0,1,18,14,14,8,6,0,6,1,36,10,7,5,6
9271,0,0,0,0,0,0,0,0,0,0,0,0,0,0,0,0,0,0,0,0,0,0,0,0,0,0,0,0,0,0,0,0,0,0,0,0,0,0,0,0,0,0,0,0,0,0,0,0,0,0,0,0,0,0,0,0,0,0,0,0,0,0,0,0,0,0,0,0,0,0,1,2,0,4,0,2,11,6,6,15,6,7,1,6,18,12,15,1,5,3,6,10,5,7,3,3,2,9,7,8,8,0,5,2,3,11,2,10,6,0
9272,0,0,0,0,0,0,0,0,0,0,0,0,0,0,0,0,0,0,0,0,0,0,0,0,0,0,0,0,0,0,0,0,0,0,0,0,0,0,0,0,0,0,0,0,0,0,0,0,0,0,0,0,0,0,0,0,0,0,0,0,0,0,0,0,0,0,0,0,0,0,0,1,1,2,1,0,1,2,4,2,0,6,2,11,5,4,24,17,1,9,1,3,3,3,6,4,7,0,2,7,0,2,7,3,4,2,6,4,0,0
9273,0,0,0,0,0,0,0,0,0,0,0,0,0,0,0,0,0,0,0,0,0,0,0,0,0,0,0,0,0,0,0,0,0,0,0,0,0,0,0,0,0,0,0,0,0,0,0,0,0,0,0,0,0,0,0,0,0,0,0,0,0,0,0,0,0,0,0,0,2,0,0,0,1,2,1,2,0,4,6,10,14,8,6,6,14,13,16,21,1,9,18,39,25,20,20,8,12,5,34,13,9,11,4,4,5,8,10,5,4,8
9274,0,0,0,0,0,0,0,0,0,0,0,0,0,0,0,0,0,0,0,0,0,0,0,0,0,0,0,0,0,0,0,0,0,0,0,0,0,0,0,0,0,0,0,0,0,0,0,0,0,0,0,0,0,0,0,0,0,0,0,0,0,0,0,0,0,0,0,0,1,0,0,1,0,2,4,0,12,16,22,11,24,16,5,21,17,47,6,18,24,6,28,37,33,21,12,31,5,39,21,28,1,25,0,4,10,18,10,18,6,8
9275,0,0,0,0,0,0,0,0,0,0,0,0,0,0,0,0,0,0,0,0,0,0,0,0,0,0,0,0,0,0,0,0,0,0,0,0,0,0,0,0,0,0,0,0,0,0,0,0,0,0,0,0,0,0,0,0,0,0,0,0,0,0,1,1,0,1,0,0,0,1,1,0,3,7,0,1,3,3,2,3,10,0,7,7,15,15,15,21,3,16,36,27,23,23,16,4,4,12,25,13,15,1,4,1,15,15,7,11,8,2
9276,0,0,0,0,0,0,0,0,0,0,0,0,0,0,0,0,0,0,0,0,0,0,0,0,0,0,0,0,0,0,0,0,0,0,0,0,0,0,0,0,0,0,0,0,0,0,0,0,0,0,0,0,0,0,0,0,0,0,0,0,0,0,0,0,0,0,0,0,0,0,0,3,2,1,9,3,0,2,3,1,1,0,0,9,5,1,0,2,0,1,4,13,10,9,12,3,1,9,4,11,3,1,0,1,1,5,3,0,5,5
9277,0,0,0,0,0,0,0,0,0,0,0,0,0,0,0,0,0,0,0,0,0,0,0,0,0,0,0,0,0,0,0,0,0,0,0,0,0,0,0,0,0,0,0,0,0,0,0,0,0,0,0,0,0,0,0,0,0,0,0,0,0,0,0,0,0,0,0,0,1,0,1,4,4,4,0,0,15,9,13,5,11,12,1,13,32,44,23,15,17,24,54,30,37,25,28,39,52,24,30,21,14,18,7,8,17,3,1,11,7,3
9278,0,0,0,0,0,0,0,0,0,0,0,0,0,0,0,0,0,0,0,0,0,0,0,0,0,0,0,0,0,0,0,0,0,0,0,0,0,0,0,0,0,0,0,0,0,0,0,0,0,0,0,0,0,0,0,0,0,0,0,0,0,0,0,0,0,0,0,0,1,0,0,0,1,0,1,1,5,4,6,11,8,7,1,2,11,2,12,5,8,11,33,21,19,27,21,4,2,28,16,16,5,7,0,3,0,6,21,16,10,3
9279,0,0,0,0,0,0,0,0,0,0,0,0,0,0,0,0,0,0,0,0,0,0,0,0,0,0,0,0,0,0,0,0,0,0,0,0,0,0,0,0,0,0,0,0,0,0,0,0,0,0,0,0,0,0,0,0,0,0,0,0,0,0,0,0,0,0,0,0,1,2,2,2,1,2,3,0,2,3,5,7,6,2,3,7,10,11,9,12,3,2,1,3,12,14,6,6,3,2,8,2,3,5,4,1,0,1,4,3,2,1
9361,0,0,0,0,0,0,0,0,0,0,0,0,0,0,0,0,0,0,0,0,0,0,0,0,0,0,0,0,0,0,0,0,0,0,0,0,0,0,0,0,0,0,0,0,0,0,0,0,0,0,0,0,0,0,0,0,0,0,0,0,0,0,0,0,0,0,0,0,0,0,0,0,1,0,0,1,0,0,0,0,2,2,0,1,0,0,2,0,4,5,0,4,4,8,0,1,6,0,4,0,4,6,0,1,0,2,0,2,0,0
9362,0,0,0,0,0,0,0,0,0,0,0,0,0,0,0,0,0,0,0,0,0,0,0,0,0,0,0,0,0,0,0,0,0,0,0,0,0,0,0,0,0,0,0,0,0,0,0,0,0,0,0,0,0,0,0,0,0,0,0,0,0,0,0,0,0,0,0,0,0,0,1,3,4,5,0,5,5,15,17,8,9,9,5,7,16,8,14,7,5,8,17,25,15,17,26,20,9,18,13,8,10,2,4,0,6,6,15,2,6,1
9363,0,0,0,0,0,0,0,0,0,0,0,0,0,0,0,0,0,0,0,0,0,0,0,0,0,0,0,0,0,0,0,0,0,0,0,0,0,0,0,0,0,0,0,0,0,0,0,0,0,0,0,0,0,0,0,0,0,0,0,0,0,0,0,0,0,0,0,0,0,1,2,0,3,0,0,1,0,1,1,2,9,0,2,9,9,7,8,6,5,4,10,12,15,18,11,6,1,16,21,6,5,2,9,4,13,7,14,8,1,3
9371,0,0,0,0,0,0,0,0,0,0,0,0,0,0,0,0,0,0,0,0,0,0,0,0,0,0,0,0,0,0,0,0,0,0,0,0,0,0,0,0,0,0,0,0,0,0,0,0,0,0,0,0,0,0,0,0,0,0,0,0,0,0,0,0,0,0,0,0,0,3,1,0,3,0,2,4,2,2,1,0,6,3,4,5,8,3,9,0,3,15,10,18,19,21,0,8,34,21,72,2,29,15,6,0,6,7,13,20,0,0
9372,0,0,0,0,0,0,0,0,0,0,0,0,0,0,0,0,0,0,0,0,0,0,0,0,0,0,0,0,0,0,0,0,0,0,0,0,0,0,0,0,0,0,0,0,0,0,0,0,0,0,0,0,0,0,0,0,0,0,0,0,0,0,0,1,0,6,4,0,8,0,1,1,1,1,4,2,8,11,15,11,11,11,7,7,18,21,29,12,10,8,25,20,28,10,8,10,5,11,10,10,2,0,0,0,5,5,3,3,3,0
9373,0,0,0,0,0,0,0,0,0,0,0,0,0,0,0,0,0,0,0,0,0,0,0,0,0,0,0,0,0,0,0,0,0,0,0,0,0,0,0,0,0,0,0,0,0,0,0,0,0,0,0,0,0,0,0,0,0,0,0,0,0,0,0,0,0,0,0,0,0,2,0,0,3,0,0,8,5,1,6,2,3,5,1,7,8,14,4,11,7,9,12,11,12,7,8,11,2,8,12,15,8,3,0,35,2,5,10,13,0,0
9374,0,0,0,0,0,0,0,0,0,0,0,0,0,0,0,0,0,0,0,0,0,0,0,0,0,0,0,0,0,0,0,0,0,0,0,0,0,0,0,0,0,0,0,0,0,0,0,0,0,0,0,0,0,0,0,0,0,0,0,0,0,0,0,0,0,0,0,0,0,0,0,0,1,0,0,0,1,5,3,0,15,4,3,24,15,27,26,55,5,32,33,48,42,32,32,13,12,46,46,20,9,14,7,8,13,20,13,27,13,6
9375,0,0,0,0,0,0,0,0,0,0,0,0,0,0,0,0,0,0,0,0,0,0,0,0,0,0,0,0,0,0,0,0,0,0,0,0,0,0,0,0,0,0,0,0,0,0,0,0,0,0,0,0,0,0,0,0,0,0,0,0,0,0,0,0,0,0,1,0,3,2,0,2,1,6,0,7,2,15,8,9,12,9,2,7,10,12,14,16,6,6,12,25,17,22,20,20,10,25,11,4,14,1,7,0,8,7,13,2,5,1
9376,0,0,0,0,0,0,0,0,0,0,0,0,0,0,0,0,0,0,0,0,0,0,0,0,0,0,0,0,0,0,0,0,0,0,0,0,0,0,0,0,0,0,0,0,0,0,0,0,0,0,0,0,0,0,0,0,0,0,0,0,0,0,0,0,0,0,0,1,0,3,2,1,1,1,3,1,4,4,2,16,0,0,14,15,1,4,7,32,4,10,29,33,22,33,8,1,20,15,46,0,9,1,4,7,2,10,20,19,8,1
9377,0,0,0,0,0,0,0,0,0,0,0,0,0,0,0,0,0,0,0,0,0,0,0,0,0,0,0,0,0,0,0,0,0,0,0,0,0,0,0,0,0,0,0,0,0,0,0,0,0,0,0,0,0,0,0,0,0,0,0,0,0,0,0,0,0,0,0,0,0,1,2,3,4,8,0,12,12,4,16,9,68,11,31,31,31,13,89,55,18,55,32,103,64,53,33,0,66,58,25,27,15,11,0,30,16,20,13,11,14,5
9461,0,0,0,0,0,0,0,0,0,0,0,0,0,0,0,0,0,0,0,0,0,0,0,0,0,0,0,0,0,0,0,0,0,0,0,0,0,0,0,0,0,0,0,0,0,0,0,0,0,0,0,0,0,0,0,0,0,0,0,0,0,0,0,0,0,0,0,0,0,0,0,1,0,1,1,0,5,3,12,1,3,1,1,4,6,15,6,2,2,5,7,5,4,2,15,3,6,5,6,5,1,1,0,4,14,2,2,2,2,14
9462,0,0,0,0,0,0,0,0,0,0,0,0,0,0,0,0,0,0,0,0,0,0,0,0,0,0,0,0,0,0,0,0,0,0,0,0,0,0,0,0,0,0,0,0,0,0,0,0,0,0,0,0,0,0,0,0,0,0,0,0,0,0,0,0,0,0,0,0,0,0,0,0,0,0,0,0,0,2,2,1,2,0,2,9,2,16,8,1,3,6,7,2,10,13,7,3,9,9,18,3,1,3,3,4,6,3,4,0,6,0
9463,0,0,0,0,0,0,0,0,0,0,0,0,0,0,0,0,0,0,0,0,0,0,0,0,0,0,0,0,0,0,0,0,0,0,0,0,0,0,0,0,0,0,0,0,0,0,0,0,0,0,0,0,0,0,0,0,0,0,0,0,0,0,0,0,0,0,0,0,0,0,0,0,0,0,0,1,0,2,0,3,3,2,0,1,4,0,1,3,3,0,0,1,1,0,4,0,0,0,6,0,0,0,0,6,0,2,0,4,1,0
9464,0,0,0,0,0,0,0,0,0,0,0,0,0,0,0,0,0,0,0,0,0,0,0,0,0,0,0,0,0,0,0,0,0,0,0,0,0,0,0,0,0,0,0,0,0,0,0,0,0,0,0,0,0,0,0,0,0,0,0,0,0,0,0,0,0,0,1,0,0,0,0,0,0,0,2,1,1,3,0,2,1,0,2,2,4,1,4,2,7,6,4,5,4,8,0,0,4,1,1,5,5,2,6,1,1,3,1,2,0,0
9471,0,0,0,0,0,0,0,0,0,0,0,0,0,0,0,0,0,0,0,0,0,0,0,0,0,0,0,0,0,0,0,0,0,0,0,0,0,0,0,0,0,0,0,0,0,0,0,0,0,0,0,0,0,0,0,0,0,0,0,0,0,0,0,0,0,0,0,0,0,0,1,0,4,3,1,0,1,4,24,4,4,2,13,25,23,30,10,10,3,15,9,26,20,13,23,2,23,14,11,8,1,3,0,9,8,1,3,6,4,1
9472,0,0,0,0,0,0,0,0,0,0,0,0,0,0,0,0,0,0,0,0,0,0,0,0,0,0,0,0,0,0,0,0,0,0,0,0,0,0,0,0,0,0,0,0,0,0,0,0,0,0,0,0,0,0,0,0,0,0,0,0,0,0,0,0,0,0,0,0,0,4,0,1,0,0,0,1,1,2,5,6,6,0,8,8,3,32,12,5,9,4,8,13,21,26,5,9,16,12,29,9,10,5,11,6,16,7,23,5,7,8
9473,0,0,0,0,0,0,0,0,0,0,0,0,0,0,0,0,0,0,0,0,0,0,0,0,0,0,0,0,0,0,0,0,0,0,0,0,0,0,0,0,0,0,0,0,0,0,0,0,0,0,0,0,0,0,0,0,0,0,0,0,0,0,0,0,0,0,0,0,0,0,0,0,0,3,1,3,0,2,5,2,2,3,1,4,7,2,3,7,4,2,2,6,8,0,11,9,1,3,5,0,0,0,0,40,3,6,6,2,1,0
9474,0,0,0,0,0,0,0,0,0,0,0,0,0,0,0,0,0,0,0,0,0,0,0,0,0,0,0,0,0,0,0,0,0,0,0,0,0,0,0,0,0,0,0,0,0,0,0,0,0,0,0,0,0,0,0,0,0,0,0,0,0,0,0,0,0,0,0,0,0,1,1,2,0,0,0,4,0,6,4,2,3,3,4,4,3,30,8,4,6,4,14,11,10,10,11,1,1,7,7,4,4,5,1,1,5,9,1,1,2,0
9475,0,0,0,0,0,0,0,0,0,0,0,0,0,0,0,0,0,0,0,0,0,0,0,0,0,0,0,0,0,0,0,0,0,0,0,0,0,0,0,0,0,0,0,0,0,0,0,0,0,0,0,0,0,0,0,0,0,0,0,0,0,0,0,0,0,0,0,0,0,0,1,0,1,1,1,2,0,3,10,11,3,1,14,8,7,9,4,13,14,8,6,16,32,17,15,4,19,21,6,5,3,8,16,3,2,15,5,10,2,0
9476,0,0,0,0,0,0,0,0,0,0,0,0,0,0,0,0,0,0,0,0,0,0,0,0,0,0,0,0,0,0,0,0,0,0,0,0,0,0,0,0,0,0,0,0,0,0,0,0,0,0,0,0,0,0,0,0,0,0,0,0,0,0,0,0,0,0,0,0,0,0,0,0,2,0,0,1,1,0,5,4,0,3,4,4,2,6,10,5,1,1,1,0,6,3,6,2,0,0,8,6,4,3,0,1,0,2,5,2,8,0
9477,0,0,0,0,0,0,0,0,0,0,0,0,0,0,0,0,0,0,0,0,0,0,0,0,0,0,0,0,0,0,0,0,0,0,0,0,0,0,0,0,0,0,0,0,0,0,0,0,0,0,0,0,0,0,0,0,0,0,0,0,0,0,0,0,0,0,0,0,0,0,0,1,0,0,0,0,11,0,0,2,7,0,7,10,5,20,8,2,0,2,0,7,12,12,6,4,0,10,8,4,3,9,5,5,3,3,4,2,0,0
9478,0,0,0,0,0,0,0,0,0,0,0,0,0,0,0,0,0,0,0,0,0,0,0,0,0,0,0,0,0,0,0,0,0,0,0,0,0,0,0,0,0,0,0,0,0,0,0,0,0,0,0,0,0,0,0,0,0,0,0,0,0,0,0,0,0,0,0,0,0,0,0,0,1,0,0,0,4,0,2,0,13,1,2,4,12,9,9,13,7,2,9,4,20,8,10,0,3,4,5,3,1,0,10,1,4,1,2,3,4,3
9479,0,0,0,0,0,0,0,0,0,0,0,0,0,0,0,0,0,0,0,0,0,0,0,0,0,0,0,0,0,0,0,0,0,0,0,0,0,0,0,0,0,0,0,0,0,0,0,0,0,0,0,0,0,0,0,0,0,0,0,0,0,0,0,0,0,0,0,0,0,0,0,0,0,0,2,9,6,3,3,7,24,12,12,9,28,15,32,33,9,15,37,27,22,66,41,11,11,19,36,19,6,7,6,8,8,10,9,4,2,3
9561,0,0,0,0,0,0,0,0,0,0,0,0,0,0,0,0,0,0,0,0,0,0,0,0,0,0,0,0,0,0,0,0,0,0,0,0,0,0,0,0,0,0,0,0,0,0,0,0,0,0,0,0,0,0,0,0,0,0,0,0,0,0,0,0,0,0,0,0,0,0,0,0,0,0,0,0,0,3,0,2,0,0,2,0,4,7,1,1,0,1,3,8,3,3,9,9,2,7,3,5,2,1,0,0,0,1,4,3,1,1
9562,0,0,0,0,0,0,0,0,0,0,0,0,0,0,0,0,0,0,0,0,0,0,0,0,0,0,0,0,0,0,0,0,0,0,0,0,0,0,0,0,0,0,0,0,0,0,0,0,0,0,0,0,0,0,0,0,0,1,0,0,0,0,0,0,3,0,0,0,0,0,3,0,2,1,0,0,5,3,2,3,2,4,2,12,9,5,4,6,1,3,7,13,13,12,8,9,4,9,11,10,3,2,0,13,5,7,7,3,1,0
9563,0,0,0,0,0,0,0,0,0,0,0,0,0,0,0,0,0,0,0,0,0,0,0,0,0,0,0,0,0,0,0,0,0,0,0,0,0,0,0,0,0,0,0,0,0,0,0,0,0,0,0,0,0,0,0,0,0,0,1,0,0,0,0,0,0,0,0,1,0,4,0,0,1,1,1,3,4,6,2,2,3,0,5,4,9,30,15,6,4,9,3,10,36,18,1,13,7,20,3,8,9,3,3,0,5,2,6,6,2,1
9564,0,0,0,0,0,0,0,0,0,0,0,0,0,0,0,0,0,0,0,0,0,0,0,0,0,0,0,0,0,0,0,0,0,0,0,0,0,0,0,0,0,0,0,0,0,0,0,0,0,0,0,0,0,0,0,0,0,0,0,0,0,2,0,2,1,0,0,0,6,3,1,5,1,3,0,3,6,17,11,6,18,0,14,33,36,15,10,26,9,25,20,26,55,41,56,4,38,46,34,51,22,25,14,8,24,23,26,9,33,10
9565,0,0,0,0,0,0,0,0,0,0,0,0,0,0,0,0,0,0,0,0,0,0,0,0,0,0,0,0,0,0,0,0,0,0,0,0,0,0,0,0,0,0,0,0,0,0,0,0,0,0,0,0,0,0,0,0,0,0,0,0,1,0,0,0,0,0,0,0,0,0,0,2,0,0,1,0,2,1,3,1,0,0,1,3,4,1,3,7,9,2,1,1,2,3,5,1,2,4,3,1,0,2,2,0,0,1,1,1,0,1
9571,0,0,0,0,0,0,0,0,0,0,0,0,0,0,0,0,0,0,0,0,0,0,0,0,0,0,0,0,0,0,0,0,0,0,0,0,0,0,0,0,0,0,0,0,0,0,0,0,0,0,0,0,0,0,0,0,0,0,0,0,0,0,0,0,0,0,0,0,0,0,0,0,0,0,5,0,3,3,1,8,21,2,3,8,24,22,19,24,1,4,11,39,19,23,18,6,9,14,27,12,18,7,5,6,4,21,15,4,11,18
9572,0,0,0,0,0,0,0,0,0,0,0,0,0,0,0,0,0,0,0,0,0,0,0,0,0,0,0,0,0,0,0,0,0,0,0,0,0,0,0,0,0,0,0,0,0,0,0,0,0,0,0,0,0,0,0,0,0,0,0,0,0,0,0,0,2,0,0,0,1,0,2,2,0,1,0,0,0,7,4,3,9,0,0,9,5,7,10,2,2,7,7,16,12,17,7,4,4,7,10,8,5,3,1,1,3,2,4,5,1,0
9573,0,0,0,0,0,0,0,0,0,0,0,0,0,0,0,0,0,0,0,0,0,0,0,0,0,0,0,0,0,0,0,0,0,0,0,0,0,0,0,0,0,0,0,0,0,0,0,0,0,0,0,0,0,0,0,0,0,0,0,0,0,0,0,0,0,0,2,0,0,0,1,0,0,1,0,2,1,11,0,5,7,12,16,21,14,13,29,15,14,34,51,11,21,38,1,20,6,7,5,17,4,0,1,0,11,5,6,5,1,1
9574,0,0,0,0,0,0,0,0,0,0,0,0,0,0,0,0,0,0,0,0,0,0,0,0,0,0,0,0,0,0,0,0,0,0,0,0,0,0,0,0,0,0,0,0,0,0,0,0,0,0,0,0,0,0,0,0,0,0,0,0,0,0,0,0,0,0,0,0,0,0,0,1,1,0,4,1,4,7,8,14,13,8,8,12,25,24,16,0,5,27,30,39,31,33,15,11,20,27,32,25,6,21,4,11,19,8,12,5,15,2
9575,0,0,0,0,0,0,0,0,0,0,0,0,0,0,0,0,0,0,0,0,0,0,0,0,0,0,0,0,0,0,0,0,0,0,0,0,0,0,0,0,0,0,0,0,0,0,0,0,0,0,0,0,0,0,0,0,0,0,0,0,0,0,0,0,0,0,0,0,2,2,0,0,0,0,0,0,0,0,3,3,1,9,2,3,7,4,9,6,4,1,9,7,2,12,7,10,4,2,3,5,7,17,0,9,3,8,8,2,7,0
9576,0,0,0,0,0,0,0,0,0,0,0,0,0,0,0,0,0,0,0,0,0,0,0,0,0,0,0,0,0,0,0,0,0,0,0,0,0,0,0,0,0,0,0,0,0,0,0,0,0,0,0,0,0,0,0,0,0,0,0,0,0,0,0,1,0,0,0,0,2,1,0,1,1,1,0,1,3,3,6,8,6,10,6,5,19,13,16,8,2,4,17,32,20,12,13,3,4,6,10,7,6,2,2,1,6,7,0,2,1,0
9577,0,0,0,0,0,0,0,0,0,0,0,0,0,0,0,0,0,0,0,0,0,0,0,0,0,0,0,0,0,0,0,0,0,0,0,0,0,0,0,0,0,0,0,0,0,0,0,0,0,0,0,0,0,0,0,0,0,0,0,0,0,0,0,0,0,0,0,0,0,0,1,1,0,0,0,0,0,5,1,4,8,4,4,7,12,17,15,9,0,6,10,24,8,6,13,3,8,14,6,43,13,0,2,3,2,3,1,6,1,2
9661,0,0,0,0,0,0,0,0,0,0,0,0,0,0,0,0,0,0,0,0,0,0,0,0,0,0,0,0,0,0,0,0,0,0,0,0,0,0,0,0,0,0,0,0,0,0,0,0,0,0,0,0,0,0,0,0,0,0,0,0,0,0,0,0,0,0,0,1,0,0,3,0,12,1,1,1,0,1,3,2,2,2,0,2,3,7,5,1,1,7,7,1,4,6,5,1,5,1,2,1,2,1,1,1,3,1,1,0,0,1
9662,0,0,0,0,0,0,0,0,0,0,0,0,0,0,0,0,0,0,0,0,0,0,0,0,0,0,0,0,0,0,0,0,0,0,0,0,0,0,0,0,0,0,0,0,0,0,0,0,0,0,0,0,0,0,0,0,0,0,0,0,0,0,0,0,0,0,0,0,0,0,0,0,0,0,0,0,2,0,2,0,0,3,3,1,4,4,6,26,1,2,2,5,5,5,7,10,2,3,7,6,7,6,2,2,3,1,5,2,2,0
9663,0,0,0,0,0,0,0,0,0,0,0,0,0,0,0,0,0,0,0,0,0,0,0,0,0,0,0,0,0,0,0,0,0,0,0,0,0,0,0,0,0,0,0,0,0,0,0,0,0,0,0,0,0,0,0,0,0,0,0,0,0,0,0,0,1,0,0,0,2,4,1,3,9,7,14,11,4,6,14,25,19,5,16,15,9,31,16,25,7,9,36,14,9,13,22,8,11,5,4,14,5,9,18,1,3,5,6,7,2,2
9671,0,0,0,0,0,0,0,0,0,0,0,0,0,0,0,0,0,0,0,0,0,0,0,0,0,0,0,0,0,0,0,0,0,0,0,0,0,0,0,0,0,0,0,0,0,0,0,0,0,0,0,0,0,0,0,0,0,0,0,0,0,0,0,0,0,0,0,0,0,0,1,2,5,5,0,7,7,7,4,7,12,4,9,10,16,13,14,11,4,19,29,14,14,30,21,3,17,14,15,15,34,7,4,2,20,19,11,9,1,2
9672,0,0,0,0,0,0,0,0,0,0,0,0,0,0,0,0,0,0,0,0,0,0,0,0,0,0,0,0,0,0,0,0,0,0,0,0,0,0,0,0,0,0,0,0,0,0,0,0,0,0,0,0,0,0,0,0,0,0,0,0,0,0,0,0,1,0,0,0,0,0,2,0,0,0,0,0,4,2,0,5,2,4,2,4,7,3,18,8,4,5,23,11,8,9,3,1,2,15,6,4,0,12,1,8,14,6,4,8,3,1
9673,0,0,0,0,0,0,0,0,0,0,0,0,0,0,0,0,0,0,0,0,0,0,0,0,0,0,0,0,0,0,0,0,0,0,0,0,0,0,0,0,0,0,0,0,0,0,0,0,0,0,0,0,0,0,0,0,0,0,0,0,0,0,0,0,0,0,0,0,0,0,0,2,0,0,0,1,1,0,5,2,3,2,4,2,3,6,3,3,2,2,5,6,7,8,8,2,2,3,15,5,6,4,6,2,6,5,1,2,2,4
9674,0,0,0,0,0,0,0,0,0,0,0,0,0,0,0,0,0,0,0,0,0,0,0,0,0,0,0,0,0,0,0,0,0,0,0,0,0,0,0,0,0,0,0,0,0,0,0,0,0,0,0,0,0,0,0,0,0,0,0,0,0,0,0,0,0,0,0,0,0,0,1,3,1,1,0,2,1,2,2,3,2,0,5,3,5,4,6,8,3,10,6,6,5,2,6,2,2,4,4,2,1,3,0,2,3,6,4,1,13,0
9675,0,0,0,0,0,0,0,0,0,0,0,0,0,0,0,0,0,0,0,0,0,0,0,0,0,0,0,0,0,0,0,0,0,0,0,0,0,0,0,0,0,0,0,0,0,0,0,0,0,0,0,0,0,0,0,0,0,0,0,0,0,0,0,0,0,0,0,0,0,1,0,2,2,0,0,1,0,5,1,0,2,1,0,4,0,6,2,0,0,0,8,3,6,12,4,2,2,7,4,2,3,1,1,0,0,3,2,2,0,3
9676,0,0,0,0,0,0,0,0,0,0,0,0,0,0,0,0,0,0,0,0,0,0,0,0,0,0,0,0,0,0,0,0,0,0,0,0,0,0,0,0,0,0,0,0,0,0,0,0,0,0,0,0,0,0,0,0,0,0,0,0,0,0,0,0,0,0,0,0,0,0,0,1,0,3,0,1,4,6,8,5,10,9,4,4,6,10,6,10,11,8,16,14,14,5,15,4,7,4,15,4,20,4,1,0,1,7,1,4,2,0
9677,0,0,0,0,0,0,0,0,0,0,0,0,0,0,0,0,0,0,0,0,0,0,0,0,0,0,0,0,0,0,0,0,0,0,0,0,0,0,0,0,0,0,0,0,0,0,0,0,0,0,0,0,0,0,0,0,0,0,0,0,0,0,0,0,0,0,0,0,1,0,0,1,3,0,1,2,0,2,3,0,2,1,4,8,8,5,8,6,7,1,10,3,8,6,12,7,2,4,2,7,5,4,4,1,0,1,4,1,2,1
9678,0,0,0,0,0,0,0,0,0,0,0,0,0,0,0,0,0,0,0,0,0,0,0,0,0,0,0,0,0,0,0,0,0,0,0,0,0,0,0,0,0,0,0,0,0,0,0,0,0,0,0,0,0,0,0,0,0,0,0,0,0,0,0,0,0,0,0,0,0,0,2,1,1,2,2,2,8,6,1,5,8,6,10,4,11,4,4,41,4,7,13,15,20,14,24,11,20,7,27,35,9,18,1,0,8,4,7,12,12,0
9679,0,0,0,0,0,0,0,0,0,0,0,0,0,0,0,0,0,0,0,0,0,0,0,0,0,0,0,0,0,0,0,0,0,0,0,0,0,0,0,0,0,0,0,0,0,0,0,0,0,0,0,0,0,0,0,0,0,0,0,0,0,0,0,0,0,0,0,0,2,3,0,1,7,1,1,2,4,10,9,20,19,4,16,19,11,10,30,15,9,13,13,13,16,13,22,9,8,4,13,17,3,8,1,9,10,3,6,8,2,1
9761,0,0,0,0,0,0,0,0,0,0,0,0,0,0,0,0,0,0,0,0,0,0,0,0,0,0,0,0,0,0,0,0,0,0,0,0,0,0,0,0,0,0,0,0,0,0,0,0,0,0,0,0,0,0,0,0,0,0,0,0,0,0,0,0,0,1,0,0,1,2,1,5,0,0,6,1,7,4,9,5,6,13,11,12,13,18,7,21,12,12,8,4,28,15,9,9,16,14,10,6,8,0,1,1,1,13,5,8,13,3
9762,0,0,0,0,0,0,0,0,0,0,0,0,0,0,0,0,0,0,0,0,0,0,0,0,0,0,0,0,0,0,0,0,0,0,0,0,0,0,0,0,0,0,0,0,0,0,0,0,0,0,0,0,0,0,0,0,0,0,0,0,0,0,0,0,0,0,0,0,0,0,1,0,0,0,0,3,0,0,1,0,1,0,2,2,2,3,7,7,1,2,5,4,4,6,3,5,2,3,2,3,0,5,1,1,2,6,3,4,0,0
9763,0,0,0,0,0,0,0,0,0,0,0,0,0,0,0,0,0,0,0,0,0,0,0,0,0,0,0,0,0,0,0,0,0,0,0,0,0,0,0,0,0,0,0,0,0,0,0,0,0,0,0,0,0,0,0,0,0,0,0,0,0,0,0,0,0,1,0,0,2,0,0,1,1,7,2,1,1,0,2,0,1,0,2,3,5,0,5,3,3,2,1,1,4,2,2,3,0,4,6,1,16,5,0,2,1,3,1,1,2,0
9764,0,0,0,0,0,0,0,0,0,0,0,0,0,0,0,0,0,0,0,0,0,0,0,0,0,0,0,0,0,0,0,0,0,0,0,0,0,0,0,0,0,0,0,0,0,0,0,0,0,0,0,0,0,0,0,0,0,0,0,0,0,0,0,0,0,0,0,0,0,0,0,0,1,0,0,2,0,5,3,5,1,0,3,2,1,2,2,0,0,2,1,5,3,2,0,0,0,0,0,0,0,4,1,0,1,0,1,0,0,0
9771,0,0,0,0,0,0,0,0,0,0,0,0,0,0,0,0,0,0,0,0,0,0,0,0,0,0,0,0,0,0,0,0,0,0,0,0,0,0,0,0,0,0,0,0,0,0,0,0,0,0,0,0,0,0,0,0,0,0,0,0,0,0,0,1,0,0,0,0,0,1,0,3,2,0,0,3,3,5,2,5,6,2,10,10,21,17,6,12,6,6,12,6,14,10,8,1,8,18,13,5,9,1,0,10,7,2,5,8,0,2
9772,0,0,0,0,0,0,0,0,0,0,0,0,0,0,0,0,0,0,0,0,0,0,0,0,0,0,0,0,0,0,0,0,0,0,0,0,0,0,0,0,0,0,0,0,0,0,0,0,0,0,0,0,0,0,0,0,0,0,0,0,0,0,0,0,0,0,0,0,0,0,16,1,10,0,0,1,8,11,6,5,16,4,5,25,19,14,12,14,7,14,12,9,20,13,15,3,17,11,10,9,5,8,3,1,2,5,5,0,2,0
9773,0,0,0,0,0,0,0,0,0,0,0,0,0,0,0,0,0,0,0,0,0,0,0,0,0,0,0,0,0,0,0,0,0,0,0,0,0,0,0,0,0,0,0,0,0,0,0,0,0,0,0,0,0,0,0,0,0,0,0,0,0,0,0,0,0,0,0,0,0,0,0,0,0,0,0,0,0,1,5,0,2,9,0,0,6,3,7,5,10,0,6,9,12,6,9,0,1,6,6,7,0,28,23,2,4,8,4,14,0,0
9774,0,0,0,0,0,0,0,0,0,0,0,0,0,0,0,0,0,0,0,0,0,0,0,0,0,0,0,0,0,0,0,0,0,0,0,0,0,0,0,0,0,0,0,0,0,0,0,0,0,0,0,0,0,0,0,0,0,0,0,0,0,0,0,0,0,0,0,0,0,0,0,1,1,0,0,0,1,0,8,0,0,0,2,3,18,19,3,20,12,1,19,11,4,3,11,0,8,7,1,18,2,3,2,5,5,7,8,1,4,1
9775,0,0,0,0,0,0,0,0,0,0,0,0,0,0,0,0,0,0,0,0,0,0,0,0,0,0,0,0,0,0,0,0,0,0,0,0,0,0,0,0,0,0,0,0,0,0,0,0,0,0,0,0,0,0,0,0,0,0,0,0,0,0,0,0,2,0,0,0,0,0,1,0,5,2,0,1,6,1,10,5,21,10,4,4,13,16,11,13,4,8,24,29,20,8,14,6,19,24,16,8,5,13,1,6,15,24,16,3,2,2
9776,0,0,0,0,0,0,0,0,0,0,0,0,0,0,0,0,0,0,0,0,0,0,0,0,0,0,0,0,0,0,0,0,0,0,0,0,0,0,0,0,0,0,0,0,0,0,0,0,0,0,0,0,0,0,0,0,0,0,0,0,0,0,0,0,0,0,0,0,5,1,0,2,4,0,7,0,2,2,12,2,11,2,2,14,11,13,7,2,18,8,3,10,25,9,12,2,4,8,4,11,2,3,2,3,1,1,6,2,0,1
9777,0,0,0,0,0,0,0,0,0,0,0,0,0,0,0,0,0,0,0,0,0,0,0,0,0,0,0,0,0,0,1,0,0,0,0,0,0,0,0,0,0,0,0,0,0,0,0,0,0,0,0,0,0,0,0,0,0,0,0,1,0,0,0,0,0,1,0,1,0,0,2,1,2,0,0,4,2,0,6,4,13,2,12,15,12,9,21,16,11,9,31,29,42,19,20,15,7,15,29,18,21,25,8,4,1,19,6,10,2,0
9778,0,0,0,0,0,0,0,0,0,0,0,0,0,0,0,0,0,0,0,0,0,0,0,0,0,0,0,0,0,0,0,0,0,0,0,0,0,0,0,0,0,0,0,0,0,0,0,0,0,0,0,0,0,0,0,0,0,0,0,0,0,0,0,0,0,0,0,0,0,0,3,1,5,5,3,2,0,0,2,1,0,2,5,6,15,17,8,12,10,4,8,10,14,14,9,4,9,19,3,5,3,5,2,0,4,7,2,5,1,3
9779,0,0,0,0,0,0,0,0,0,0,0,0,0,0,0,0,0,0,0,0,0,0,0,0,0,0,0,0,0,0,0,0,0,0,0,0,0,0,0,0,0,0,0,0,0,0,0,0,0,0,0,0,0,0,0,0,0,0,0,0,0,0,0,0,0,0,0,0,3,1,0,0,0,0,0,6,0,1,2,1,4,4,5,11,15,5,8,10,8,5,6,20,18,30,20,27,13,11,18,1,5,0,1,0,5,11,2,6,4,3
9780,0,0,0,0,0,0,0,0,0,0,0,0,0,0,0,0,0,0,0,0,0,0,0,0,0,0,0,0,0,0,0,0,0,0,0,0,0,0,0,0,0,0,0,0,0,0,0,0,0,0,0,0,0,0,0,0,0,0,0,0,0,0,0,0,1,0,0,0,3,0,0,5,1,2,1,5,1,5,5,5,8,0,3,11,8,0,13,9,4,6,3,5,3,12,3,3,12,5,3,1,4,1,0,0,1,5,1,3,1,0
10041,0,0,0,0,0,0,0,0,0,0,0,0,0,0,0,0,0,0,0,0,0,0,0,0,0,0,0,0,0,0,0,0,0,0,0,0,0,0,0,0,0,0,0,0,0,0,0,0,0,0,0,0,0,0,0,0,0,0,0,0,0,0,0,0,0,0,0,0,1,0,7,2,3,8,5,9,1,21,26,15,11,10,31,13,18,12,24,44,28,28,68,61,118,16,38,65,39,34,87,63,61,5,7,10,11,21,29,13,15,1
10042,0,0,0,0,0,0,0,0,0,0,0,0,0,0,0,0,0,0,0,0,0,0,0,0,0,0,0,0,0,0,0,0,0,0,0,0,0,0,0,0,0,0,0,0,0,0,0,0,0,0,0,0,0,0,0,0,0,0,0,0,0,0,0,0,0,0,0,1,0,0,0,1,0,0,0,1,1,0,0,1,1,14,2,2,4,8,4,4,6,4,7,2,7,14,27,8,7,8,15,9,5,3,1,1,2,5,0,3,2,1
10043,0,0,0,0,0,0,0,0,0,0,0,0,0,0,0,0,0,0,0,0,0,0,0,0,0,0,0,0,0,0,0,0,0,0,0,0,0,0,0,0,0,0,0,0,0,0,0,0,0,0,0,0,0,0,0,0,0,0,0,0,0,0,0,0,0,0,0,0,1,1,0,2,5,0,0,7,10,3,3,3,4,0,9,0,2,18,11,3,15,4,6,10,10,12,10,2,3,6,3,17,3,1,4,9,2,6,3,3,3,0
10044,0,0,0,0,0,0,0,0,0,0,0,0,0,0,0,0,0,0,0,0,0,0,0,0,0,0,0,0,0,0,0,0,0,0,0,0,0,0,0,0,0,0,0,0,0,0,0,0,0,0,0,0,0,0,0,0,0,0,0,0,0,0,0,0,0,0,0,0,1,1,2,0,5,1,5,2,7,12,0,3,7,1,9,1,11,15,11,10,18,15,31,22,29,13,45,14,16,19,29,26,15,6,5,2,7,9,15,6,3,0
10045,0,0,0,0,0,0,0,0,0,0,0,0,0,0,0,0,0,0,0,0,0,0,0,0,0,0,0,0,0,0,0,0,0,0,0,0,0,0,0,0,0,0,0,0,0,0,0,0,0,0,0,0,0,0,0,0,0,0,0,0,0,0,0,0,0,0,0,0,2,0,1,0,2,0,7,3,0,0,8,5,13,15,5,11,5,13,7,0,9,14,13,18,8,10,14,3,10,5,8,13,8,5,2,8,2,5,2,4,0,0
10046,0,0,0,0,0,0,0,0,0,0,0,0,0,0,0,0,0,0,0,0,0,0,0,0,0,0,0,0,0,0,0,0,0,0,0,0,0,0,0,0,0,0,0,0,0,0,0,0,0,0,0,0,0,0,0,0,0,0,0,0,0,0,0,0,0,0,0,0,0,0,0,10,1,4,0,1,1,3,3,6,3,7,3,4,8,5,4,8,0,4,0,11,5,6,7,0,3,4,9,3,0,2,1,0,3,3,1,0,0,0
11001,0,0,0,0,0,0,0,0,0,0,0,0,0,0,0,0,0,0,0,0,0,0,0,0,0,0,0,0,0,0,0,0,0,0,0,0,0,0,0,0,0,0,0,0,0,0,0,0,0,0,0,0,0,0,0,0,0,0,0,0,0,0,2,0,4,1,0,1,0,2,9,7,8,7,8,4,20,23,25,17,24,29,19,24,28,52,46,26,16,15,46,19,33,9,17,5,36,32,13,26,23,33,9,14,12,16,11,17,4,5
11002,0,0,0,0,0,0,0,0,0,0,0,0,0,0,0,0,0,0,0,0,0,0,0,0,0,0,0,0,0,0,0,0,0,0,0,0,0,0,0,0,0,0,0,0,0,0,0,0,0,0,0,0,0,0,0,0,0,0,0,0,0,0,0,2,2,0,0,1,3,4,2,0,10,5,1,6,6,18,20,16,21,9,9,19,46,19,20,14,5,13,10,22,23,17,5,2,4,9,5,15,6,5,3,3,2,7,4,4,6,2
11003,0,0,0,0,0,0,0,0,0,0,0,0,0,0,0,0,0,0,0,0,0,0,0,0,0,0,0,0,0,0,0,0,0,0,0,0,0,0,0,0,0,0,0,0,0,0,0,0,0,0,0,0,0,0,0,0,0,0,0,0,0,0,0,1,2,1,0,0,2,3,6,4,7,0,0,12,8,10,16,15,16,7,9,22,17,37,31,9,11,13,19,13,20,37,10,8,11,18,18,28,4,8,6,5,7,6,12,32,11,4
11004,0,0,0,0,0,0,0,0,0,0,0,0,0,0,0,0,0,0,0,0,0,0,0,0,0,0,0,0,0,0,0,0,0,0,0,0,0,0,0,0,0,0,0,0,0,0,0,0,0,0,0,0,0,0,0,0,0,0,0,0,0,0,0,0,0,2,1,7,1,6,9,10,12,2,6,7,13,15,25,14,7,11,24,23,37,43,14,21,6,37,24,24,31,15,4,5,19,41,20,12,7,3,6,4,4,14,14,8,4,0
11005,0,0,0,0,0,0,0,0,0,0,0,0,0,0,0,0,0,0,0,0,0,0,0,0,0,0,0,0,0,0,0,0,0,0,0,0,0,0,0,0,0,0,0,0,0,0,0,0,0,0,0,0,0,0,0,0,0,0,0,0,0,0,0,0,0,0,0,2,3,2,1,0,1,1,2,0,0,3,5,8,6,0,9,6,9,10,5,13,5,3,3,9,10,22,9,2,4,14,8,3,1,3,0,0,4,5,8,9,5,0
11006,0,0,0,0,0,0,0,0,0,0,0,0,0,0,0,0,0,0,0,0,0,0,0,0,0,0,0,0,0,0,0,0,0,0,0,0,0,0,0,0,0,0,0,0,0,0,0,0,0,0,0,0,0,0,0,0,0,0,0,0,0,0,0,0,0,0,0,0,2,4,7,6,5,6,3,6,7,10,13,11,14,3,7,8,8,18,6,38,12,9,28,24,21,19,12,3,12,17,17,13,9,15,5,9,5,5,3,12,4,4
11007,0,0,0,0,0,0,0,0,0,0,0,0,0,0,0,0,0,0,0,0,0,0,0,0,0,0,0,0,0,0,0,0,0,0,0,0,0,0,0,0,0,0,0,0,0,0,0,0,0,0,0,0,0,0,0,0,0,0,0,0,0,0,1,0,1,1,0,0,3,5,1,5,7,2,1,6,11,26,15,15,15,2,13,31,30,25,22,10,10,20,25,16,19,31,22,9,9,17,18,18,11,3,4,2,6,15,7,9,9,3
11008,0,0,0,0,0,0,0,0,0,0,0,0,0,0,0,0,0,0,0,0,0,0,0,0,0,0,0,0,0,0,0,0,0,0,0,0,0,0,0,0,0,0,0,0,0,0,0,0,0,0,0,0,0,0,0,0,0,0,0,0,0,0,1,0,0,0,0,0,3,1,4,7,3,1,2,2,6,11,24,17,14,3,14,23,31,27,25,35,1,10,16,35,31,36,12,0,23,14,20,18,8,3,0,5,11,9,12,11,13,0
11009,0,0,0,0,0,0,0,0,0,0,0,0,0,0,0,0,0,0,0,0,0,0,0,0,0,0,0,0,0,0,0,0,0,0,0,0,0,0,0,0,0,0,0,0,0,0,0,0,0,0,0,0,0,0,0,0,0,0,0,0,0,0,0,0,0,0,0,0,0,3,0,3,3,0,0,4,9,8,12,16,1,2,12,15,17,13,11,7,6,8,7,6,9,16,1,3,6,13,11,11,3,3,0,2,8,2,1,3,11,1
11010,0,0,0,0,0,0,0,0,0,0,0,0,0,0,0,0,0,0,0,0,0,0,0,0,0,0,0,0,0,0,0,0,0,0,0,0,0,0,0,0,0,0,0,0,0,0,0,0,0,0,0,0,0,0,0,0,0,0,0,0,0,0,1,0,0,0,0,0,1,1,0,1,0,4,2,1,6,3,4,5,8,2,2,4,4,13,6,11,2,4,7,8,7,8,8,3,7,10,9,8,3,4,5,6,2,10,6,10,6,4
11011,0,0,0,0,0,0,0,0,0,0,0,0,0,0,0,0,0,0,0,0,0,0,0,0,0,0,0,0,0,0,0,0,0,0,0,0,0,0,0,0,0,0,0,0,0,0,0,0,0,0,0,0,0,0,0,0,0,0,0,0,0,0,0,0,0,0,0,0,3,2,1,0,1,0,0,6,6,7,7,9,0,0,10,14,6,11,6,0,0,19,11,4,11,8,0,11,0,3,7,8,3,2,1,0,1,4,10,2,2,0
11012,0,0,0,0,0,0,0,0,0,0,0,0,0,0,0,0,0,0,0,0,0,0,0,0,0,0,0,0,0,0,0,0,0,0,0,0,0,0,0,0,0,0,0,0,0,0,0,0,0,0,0,0,0,0,0,0,0,0,0,0,0,0,0,0,2,0,0,0,1,0,2,4,2,1,0,7,3,10,11,24,0,0,30,10,14,13,8,3,14,16,17,7,18,21,7,25,12,13,30,15,4,5,14,11,9,19,3,6,5,2
12051,0,0,0,0,0,0,0,0,0,0,0,0,0,0,0,0,0,0,0,0,0,0,0,0,0,0,0,0,0,0,0,0,0,0,0,0,0,0,0,0,0,0,0,0,0,0,0,0,0,0,0,0,0,0,0,0,0,0,0,0,0,0,0,0,0,0,0,0,0,0,0,0,0,0,2,0,1,0,2,1,0,2,3,1,0,2,0,1,1,1,7,3,0,3,1,1,1,5,0,3,2,1,0,1,0,3,0,0,0,0
12052,0,0,0,0,0,0,0,0,0,0,0,0,0,0,0,0,0,0,0,0,0,0,0,0,0,0,0,0,0,0,0,0,0,0,0,0,0,0,0,0,0,0,0,0,0,0,0,0,0,0,0,0,0,0,0,0,0,0,0,0,0,0,0,0,0,0,0,0,0,0,3,5,4,1,0,3,1,0,3,0,0,4,3,1,0,1,0,0,2,0,0,1,2,0,0,0,0,0,0,1,0,0,0,4,0,0,0,0,0,0
12053,0,0,0,0,0,0,0,0,0,0,0,0,0,0,0,0,0,0,0,0,0,0,0,0,0,0,0,0,0,0,0,0,0,0,0,0,0,0,0,0,0,0,0,0,0,0,0,0,0,0,0,0,0,0,0,0,0,0,0,0,0,0,0,0,0,0,0,0,0,0,0,0,0,0,0,0,1,1,1,0,2,0,0,0,1,0,0,0,0,0,0,1,3,2,1,1,0,8,0,0,0,0,0,0,0,0,0,1,0,0
12054,0,0,0,0,0,0,0,0,0,0,0,0,0,0,0,0,0,0,0,0,0,0,0,0,0,0,0,0,0,0,0,0,0,0,0,0,0,0,0,0,0,0,0,0,0,0,0,0,0,0,0,0,0,0,0,0,0,0,0,0,0,0,0,0,0,0,0,0,0,0,0,0,0,0,0,0,10,3,10,9,0,0,9,7,10,6,16,0,0,33,18,18,21,40,0,0,30,35,63,9,49,21,15,0,2,24,18,41,0,0
12060,0,0,0,0,0,0,0,0,0,0,0,0,0,0,0,0,0,0,0,0,0,0,0,0,0,0,0,0,0,0,0,0,0,0,0,0,0,0,0,0,0,0,0,0,0,0,0,0,0,0,0,0,0,0,0,0,0,0,0,0,0,0,0,0,0,0,0,0,0,2,2,3,2,0,5,4,4,2,7,7,1,5,4,7,6,4,3,0,5,2,8,5,7,9,8,11,3,6,13,53,8,8,15,2,8,14,9,14,9,0
12061,0,0,0,0,0,0,0,0,0,0,0,0,0,0,0,0,0,0,0,0,0,0,0,0,0,0,0,0,0,0,0,0,0,0,0,0,0,0,0,0,0,0,0,0,0,0,0,0,0,0,0,0,0,0,0,0,0,0,0,0,0,0,0,0,0,0,0,0,0,0,0,1,0,2,2,4,5,0,4,6,2,0,4,3,11,4,10,5,8,6,20,6,8,5,1,3,4,4,8,4,1,2,0,1,4,1,4,1,0,0
12062,0,0,0,0,0,0,0,0,0,0,0,0,0,0,0,0,0,0,0,0,0,0,0,0,0,0,0,0,0,0,0,0,0,0,0,0,0,0,0,0,0,0,0,0,0,0,0,0,0,0,0,0,0,0,0,0,0,0,0,0,0,0,0,0,0,0,0,0,1,2,0,2,0,0,0,0,2,1,0,1,0,3,0,4,1,5,6,3,2,1,3,1,5,9,7,0,3,3,0,1,1,1,1,0,0,0,2,0,0,0
12063,0,0,0,0,0,0,0,0,0,0,0,0,0,0,0,0,0,0,0,0,0,0,0,0,0,0,0,0,0,0,0,0,0,0,0,0,0,0,0,0,0,0,0,0,0,0,0,0,0,0,0,0,0,0,0,0,0,0,0,0,0,0,0,0,1,0,0,2,1,0,0,1,2,0,0,1,1,0,0,7,4,0,2,4,8,6,6,5,2,3,15,6,12,6,8,2,1,9,8,2,3,1,3,0,3,1,2,4,0,0
12064,0,0,0,0,0,0,0,0,0,0,0,0,0,0,0,0,0,0,0,0,0,0,0,0,0,0,0,0,0,0,0,0,0,0,0,0,0,0,0,0,0,0,0,0,0,0,0,0,0,0,0,0,0,0,0,0,0,0,0,0,0,0,0,0,0,0,0,0,0,3,1,5,5,4,3,6,17,19,6,8,3,0,4,2,9,2,5,5,3,7,9,1,4,9,1,0,2,4,5,8,5,4,1,2,2,1,3,0,0,0
12065,0,0,0,0,0,0,0,0,0,0,0,0,0,0,0,0,0,0,0,0,0,0,0,0,0,0,0,0,0,0,0,0,0,0,1,0,0,0,0,0,0,0,0,0,0,0,0,0,0,0,0,0,0,0,0,0,0,0,0,0,1,0,0,0,0,0,0,0,0,0,0,1,2,0,2,3,4,6,6,14,0,0,2,12,7,14,12,9,1,5,11,7,7,7,2,1,7,4,4,2,0,5,1,1,3,2,4,5,1,0
12066,0,0,0,0,0,0,0,0,0,0,0,0,0,0,0,0,0,0,0,0,0,0,0,0,0,0,0,0,0,0,0,0,0,0,0,0,0,0,0,0,0,0,0,0,0,0,0,0,0,0,0,0,0,0,0,0,0,0,0,0,0,0,0,0,0,0,0,0,1,1,0,0,0,0,0,2,1,0,0,0,0,0,5,2,0,0,1,2,0,2,1,3,3,3,0,0,3,0,2,3,0,0,0,1,1,0,1,1,0,0
12067,0,0,0,0,0,0,0,0,0,0,0,0,0,0,0,0,0,0,0,0,0,0,0,0,0,0,0,0,0,0,0,0,0,0,0,0,0,0,0,0,0,0,0,0,0,0,0,0,0,0,0,0,0,0,0,0,0,0,0,0,0,0,0,0,0,0,0,0,0,1,1,1,1,1,5,0,3,9,10,3,5,2,2,4,2,9,5,7,2,2,2,1,1,2,1,0,0,6,0,4,0,2,2,0,2,0,0,2,0,0
12068,0,0,0,0,0,0,0,0,0,0,0,0,0,0,0,0,0,0,0,0,0,0,0,0,0,0,0,0,0,0,0,0,0,0,0,0,0,0,0,0,0,0,0,0,0,0,0,0,0,0,0,0,0,0,0,0,0,0,0,0,0,0,0,0,0,0,0,0,0,0,0,0,0,0,0,0,0,5,1,0,0,0,0,0,2,1,2,1,0,2,4,1,2,4,1,0,1,1,0,6,2,0,0,0,0,0,0,0,0,0
12069,0,0,0,0,0,0,0,0,0,0,0,0,0,0,0,0,0,0,0,0,0,0,0,0,0,0,0,0,0,0,0,0,0,0,0,0,0,0,0,0,0,0,0,0,0,0,0,0,0,0,0,0,0,0,0,0,0,0,0,0,0,0,0,0,0,0,0,0,0,0,0,4,2,0,2,0,3,5,2,3,5,3,7,3,14,9,3,2,2,12,20,12,18,19,4,6,7,7,6,7,0,0,4,0,10,14,8,0,0,0
12070,0,0,0,0,0,0,0,0,0,0,0,0,0,0,0,0,0,0,0,0,0,0,0,0,0,0,0,0,0,0,0,0,0,0,0,0,0,0,0,0,0,0,0,0,0,0,0,0,0,0,0,0,0,0,0,0,0,0,0,0,0,0,0,0,0,0,0,0,0,0,0,0,0,0,0,0,1,0,0,0,0,0,0,4,1,3,0,0,0,0,0,0,0,3,2,0,2,1,1,1,0,0,0,0,3,0,0,0,0,0
12071,0,0,0,0,0,0,0,0,0,0,0,0,0,0,0,0,0,0,0,0,0,0,0,0,0,0,0,0,0,0,0,0,0,0,0,0,0,0,0,0,0,0,0,0,0,0,0,0,0,0,0,0,0,0,0,0,0,0,0,0,0,0,0,0,0,0,0,1,1,0,1,2,3,2,1,3,7,1,2,1,0,0,6,0,6,3,3,2,0,2,1,1,1,1,0,0,2,0,0,0,0,0,0,0,1,0,0,0,0,0
12072,0,0,0,0,0,0,0,0,0,0,0,0,0,0,0,0,0,0,0,0,0,0,0,0,0,0,0,0,0,0,0,0,0,0,0,0,0,0,0,0,0,0,0,0,0,0,0,0,0,0,0,0,0,0,0,0,0,0,0,0,0,0,0,0,0,0,0,1,0,0,0,0,1,4,0,0,4,1,2,4,3,2,0,0,14,1,5,1,0,7,5,2,6,4,3,0,2,11,5,2,1,1,0,0,5,2,3,1,0,0
12073,0,0,0,0,0,0,0,0,0,0,0,0,0,0,0,0,0,0,0,0,0,0,0,0,0,0,0,0,0,0,0,0,0,0,0,0,0,0,0,0,0,0,0,0,0,0,0,0,0,0,0,0,0,0,0,0,0,0,0,0,0,0,0,0,0,0,0,0,0,0,0,0,0,0,0,0,1,3,0,0,0,0,0,1,0,3,1,1,0,8,0,2,1,0,0,0,1,1,0,0,3,1,1,0,0,0,0,0,0,0
13003,0,0,0,0,0,0,0,0,0,0,0,0,0,0,0,0,0,0,0,0,0,0,0,0,0,0,0,0,0,0,0,0,0,0,0,0,0,0,0,0,0,0,0,0,0,0,0,0,0,0,0,0,0,0,0,0,0,0,0,0,0,0,0,0,0,0,0,0,0,1,1,3,1,0,0,2,8,5,2,1,0,0,5,5,5,7,4,3,3,2,2,0,1,1,2,0,1,6,0,1,0,0,0,0,1,1,0,0,0,0
13004,0,0,0,0,0,0,0,0,0,0,0,0,0,0,0,0,0,0,0,0,0,0,0,0,0,0,0,0,0,0,0,0,0,0,0,0,0,0,0,0,0,0,0,0,0,0,0,0,0,0,0,0,0,0,0,0,0,0,0,0,0,0,0,0,0,0,0,0,0,0,1,1,2,0,0,3,4,8,10,4,0,0,5,9,0,6,3,4,2,0,8,2,2,1,1,0,0,7,0,2,0,0,0,0,0,2,1,0,1,0
13071,0,0,0,0,0,0,0,0,0,0,0,0,0,0,0,0,0,0,0,0,0,0,0,0,0,0,0,0,0,0,0,0,0,0,0,0,0,0,0,0,0,0,0,0,0,0,0,0,0,0,0,0,0,0,0,0,0,0,0,0,0,0,0,1,0,0,0,0,3,0,2,1,0,0,0,2,4,7,1,3,4,1,1,9,2,1,14,2,2,0,13,8,3,7,3,0,0,3,2,2,1,0,0,2,1,2,0,0,0,0
13072,0,0,0,0,0,0,0,0,0,0,0,0,0,0,0,0,0,0,0,0,0,0,0,0,0,0,0,0,0,0,0,0,0,0,0,0,0,0,0,0,0,0,0,0,0,0,0,0,0,0,0,0,0,0,0,0,0,0,0,0,0,0,0,0,0,0,0,2,1,0,3,1,3,1,0,0,1,2,2,2,0,0,0,3,3,1,0,1,1,3,2,1,7,2,3,0,0,1,4,2,0,2,0,0,0,0,0,0,0,0
13073,0,0,0,0,0,0,0,0,0,0,0,0,0,0,0,0,0,0,0,0,0,0,0,0,0,0,0,0,0,0,0,0,0,0,0,0,0,0,0,0,0,0,0,0,0,0,0,0,0,0,0,0,0,0,0,0,0,0,0,0,0,0,0,1,1,0,0,0,0,0,1,2,1,0,0,0,0,3,3,1,2,0,0,3,6,2,6,1,3,0,7,9,4,2,1,2,1,2,0,4,2,4,0,0,0,0,1,1,0,0
13074,0,0,0,0,0,0,0,0,0,0,0,0,0,0,0,0,0,0,0,0,0,0,0,0,0,0,0,0,0,0,0,0,0,0,0,0,0,0,0,0,0,0,0,0,0,0,0,0,0,0,0,0,0,0,0,0,0,0,0,0,0,0,0,0,0,0,0,0,0,0,0,0,0,0,0,3,5,5,4,0,1,0,0,3,3,0,1,3,0,0,8,2,6,7,0,0,0,3,1,4,1,0,3,0,0,1,3,0,1,0
13075,0,0,0,0,0,0,0,0,0,0,0,0,0,0,0,0,0,0,0,0,0,0,0,0,0,0,0,0,0,0,0,0,0,0,0,0,0,0,0,0,0,0,0,0,0,0,0,0,0,0,0,0,0,0,0,0,0,0,0,0,0,0,2,0,0,0,0,0,0,0,0,1,1,0,0,4,1,8,9,1,2,0,2,2,4,6,11,2,0,6,6,1,4,7,1,0,2,10,1,1,6,7,0,1,1,3,1,3,3,0
13076,0,0,0,0,0,0,0,0,0,0,0,0,0,0,0,0,0,0,0,0,0,0,0,0,0,0,0,0,0,0,0,0,0,0,0,0,0,0,0,0,0,0,0,0,0,0,0,0,0,0,0,0,0,0,0,0,0,0,0,0,0,0,0,0,0,0,0,0,0,0,0,0,1,0,1,0,8,5,3,4,2,0,0,3,1,1,3,5,0,2,4,0,2,4,4,0,0,4,0,0,1,0,0,1,0,2,3,0,1,0
14511,0,0,0,0,0,0,0,0,0,0,0,0,0,0,0,0,0,0,0,0,0,0,0,0,0,0,0,0,0,0,0,0,0,0,0,0,0,0,0,0,0,0,0,0,0,0,0,0,0,0,0,0,0,0,0,0,0,0,0,0,0,0,0,0,0,0,0,0,0,3,0,0,3,0,4,4,3,6,9,12,7,3,4,2,3,9,14,2,12,5,9,12,7,9,3,1,2,5,6,6,1,3,4,5,0,4,3,0,2,1
14521,0,0,0,0,0,0,0,0,0,0,0,0,0,0,0,0,0,0,0,0,0,0,0,0,0,0,0,0,0,0,0,0,0,0,0,0,0,0,0,0,0,0,0,0,0,0,0,0,0,0,0,0,0,0,0,0,0,0,0,0,0,0,0,0,0,0,0,0,0,0,0,0,2,0,5,2,4,9,10,5,12,4,5,4,9,12,15,5,5,14,39,24,83,11,13,12,20,6,27,9,36,10,9,6,6,6,12,3,12,3
14522,0,0,0,0,0,0,0,0,0,0,0,0,0,0,0,0,0,0,0,0,0,0,0,0,0,0,0,0,0,0,0,0,0,0,0,0,0,0,0,0,0,0,0,0,0,0,0,0,0,0,0,0,0,0,0,0,0,0,0,0,0,0,0,0,0,0,0,0,0,0,0,0,4,1,0,3,3,5,8,6,5,1,4,11,7,12,8,14,5,5,12,13,14,15,6,3,8,6,17,5,7,9,1,0,8,1,6,1,3,0
14523,0,0,0,0,0,0,0,0,0,0,0,0,0,0,0,0,0,0,0,0,0,0,0,0,0,0,0,0,0,0,0,0,0,0,0,0,0,0,0,0,0,0,0,0,0,0,0,0,0,0,0,0,0,0,0,0,0,0,0,0,0,0,0,0,0,0,0,0,0,0,0,0,0,0,2,0,1,5,7,9,8,0,12,18,20,5,6,13,1,7,5,9,6,16,10,7,11,10,7,9,10,3,39,2,10,2,5,2,2,0
14524,0,0,0,0,0,0,0,0,0,0,0,0,0,0,0,0,0,0,0,0,0,0,0,0,0,0,0,0,0,0,0,0,0,0,0,0,0,0,0,0,0,0,0,0,0,0,0,0,0,0,0,0,0,0,0,0,0,0,0,0,0,0,0,0,0,0,0,0,0,0,0,1,3,7,4,3,19,32,41,27,21,6,20,30,30,21,27,34,15,12,25,24,42,39,24,2,4,20,41,5,19,13,10,17,21,10,21,4,10,4
14612,0,0,0,0,0,0,0,0,0,0,0,0,0,0,0,0,0,0,0,0,0,0,0,0,0,0,0,0,0,0,0,0,0,0,0,0,0,0,0,0,0,0,0,0,0,0,0,0,0,0,0,0,0,0,0,0,0,0,0,0,0,0,0,0,0,0,0,0,1,1,4,7,5,7,1,6,11,10,22,20,24,0,13,38,13,35,35,25,9,18,19,21,10,24,20,4,4,10,10,7,0,4,4,1,4,7,3,8,0,0
14625,0,0,0,0,0,0,0,0,0,0,0,0,0,0,0,0,0,0,0,0,0,0,0,0,0,0,0,0,0,0,0,0,0,0,0,0,0,0,0,0,0,0,0,0,0,0,0,0,0,0,0,0,0,0,0,0,0,0,0,0,0,0,0,0,0,1,0,4,0,5,2,2,3,1,1,2,10,12,5,17,9,8,6,13,11,20,13,15,1,9,10,4,7,5,4,4,0,13,11,5,20,16,7,3,1,8,11,8,2,2
14626,0,0,0,0,0,0,0,0,0,0,0,0,0,0,0,0,0,0,0,0,0,0,0,0,0,0,0,0,0,0,0,0,0,0,0,0,0,0,0,0,0,0,0,0,0,0,0,0,0,0,0,0,0,0,0,0,0,0,0,0,0,0,0,0,0,0,0,0,1,5,0,1,0,0,0,2,2,4,8,3,2,0,3,2,20,5,3,6,1,6,9,13,6,56,15,3,7,17,8,8,4,1,1,1,3,6,6,1,1,0
14627,0,0,0,0,0,0,0,0,0,0,0,0,0,0,0,0,0,0,0,0,0,0,0,0,0,0,0,0,0,0,0,0,0,0,0,0,0,0,0,0,0,0,0,0,0,0,0,0,0,0,0,0,0,0,0,0,0,0,0,0,0,0,0,0,0,0,0,0,0,2,2,1,4,1,0,2,2,4,1,3,5,0,4,7,5,11,9,6,3,12,7,8,13,8,5,1,6,11,11,6,7,5,2,0,0,5,8,2,3,0
14628,0,0,0,0,0,0,0,0,0,0,0,0,0,0,0,0,0,0,0,0,0,0,0,0,0,0,0,0,0,0,0,0,0,0,0,0,0,0,0,0,0,0,0,0,0,0,0,0,0,0,0,0,0,0,0,0,0,0,0,0,0,1,0,0,0,0,0,0,0,1,2,4,4,1,0,0,3,12,9,10,7,10,17,11,16,10,16,11,7,26,16,11,10,13,14,15,6,11,10,3,4,3,4,3,4,2,8,0,2,0
14713,0,0,0,0,0,0,0,0,0,0,0,0,0,0,0,0,0,0,0,0,0,0,0,0,0,0,0,0,0,0,0,0,0,0,0,0,0,0,0,0,0,0,0,0,0,0,0,0,0,0,0,0,0,0,0,0,0,0,0,0,0,0,0,0,0,1,0,1,0,2,2,10,3,12,10,13,19,17,19,20,11,14,19,16,29,24,21,17,12,21,19,18,17,30,17,11,6,11,6,10,11,7,7,3,4,4,17,4,4,5
14729,0,0,0,0,0,0,0,0,0,0,0,0,0,0,0,0,0,0,0,0,0,0,0,0,0,0,0,0,0,0,0,0,0,0,0,0,0,0,0,0,0,0,0,0,0,0,0,0,0,0,0,0,0,0,0,0,0,0,0,0,0,0,0,0,0,0,0,0,3,1,4,1,2,0,0,5,3,2,6,4,5,0,12,1,13,7,12,8,1,0,7,13,5,8,6,3,5,8,1,23,5,1,1,0,2,0,1,1,0,0
14730,0,0,0,0,0,0,0,0,0,0,0,0,0,0,0,0,0,0,0,0,0,0,0,0,0,0,0,0,0,0,0,0,0,0,0,0,0,0,0,0,0,0,0,0,0,0,0,0,0,0,0,0,0,0,0,0,0,0,0,0,0,0,0,0,0,0,0,0,0,0,0,2,0,0,0,0,1,5,2,3,1,3,0,2,4,0,6,5,0,0,4,17,3,13,2,1,1,13,3,2,7,1,0,0,8,2,3,4,1,0
15001,0,0,0,0,0,0,0,0,0,0,0,0,0,0,0,0,0,0,0,0,0,0,0,0,0,0,0,0,0,0,0,0,0,0,0,0,0,0,0,0,0,0,0,0,0,0,0,0,0,0,0,0,0,0,0,0,0,0,0,0,0,0,0,0,0,0,0,0,0,0,0,0,0,0,0,2,1,1,1,4,1,0,2,3,1,0,4,0,0,0,0,0,3,6,2,4,0,6,0,6,0,3,3,0,0,1,2,1,2,0
15002,0,0,0,0,0,0,0,0,0,0,0,0,0,0,0,0,0,0,0,0,0,0,0,0,0,0,0,0,0,0,0,0,0,0,0,0,0,0,0,0,0,0,0,0,0,0,0,0,0,0,0,0,0,0,0,0,0,0,0,0,0,0,0,0,0,0,0,0,0,2,3,4,3,2,0,5,5,16,3,18,4,5,7,7,11,6,16,17,6,27,7,9,10,9,7,1,5,13,9,5,1,11,2,2,4,8,2,1,2,4
15003,0,0,0,0,0,0,0,0,0,0,0,0,0,0,0,0,0,0,0,0,0,0,0,0,0,0,0,0,0,0,0,0,0,0,0,0,0,0,0,0,0,0,0,0,0,0,0,0,0,0,0,0,0,0,0,0,0,0,0,0,0,0,0,0,0,0,0,0,0,1,3,2,5,0,0,5,4,7,2,10,0,0,12,5,3,7,6,0,0,7,5,3,0,1,0,0,1,1,1,0,1,1,1,1,1,1,0,3,0,1
15081,0,0,0,0,0,0,0,0,0,0,0,0,0,0,0,0,0,0,0,0,0,0,0,0,0,0,0,0,0,0,0,0,0,0,0,0,0,0,0,0,0,0,0,0,0,0,0,0,0,0,0,0,0,0,0,0,0,0,0,0,0,0,0,0,0,0,0,0,0,0,0,1,0,0,0,2,0,0,0,0,0,1,4,1,1,0,2,0,0,2,1,1,1,0,2,1,1,2,2,2,1,0,0,0,0,2,0,0,0,0
15082,0,0,0,0,0,0,0,0,0,0,0,0,0,0,0,0,0,0,0,0,0,0,0,0,0,0,0,0,0,0,0,0,0,0,0,0,0,0,0,0,0,0,0,0,0,0,0,0,0,0,0,0,0,0,0,0,0,0,0,0,0,0,0,0,0,0,0,0,0,0,1,1,0,0,0,4,0,0,2,1,0,0,7,1,6,4,3,0,2,5,0,1,1,2,2,5,0,0,1,0,1,0,0,0,1,0,3,1,0,3
15083,0,0,0,0,0,0,0,0,0,0,0,0,0,0,0,0,0,0,0,0,0,0,0,0,0,0,0,0,0,0,0,0,0,0,0,0,0,0,0,0,0,0,0,0,0,0,0,0,0,0,0,0,0,0,0,0,0,0,0,0,0,0,0,0,0,0,0,0,0,0,2,1,0,0,0,10,4,5,3,4,0,6,5,3,1,2,3,0,0,6,2,3,1,5,1,2,0,7,1,5,4,0,2,2,5,0,3,3,2,1
15084,0,0,0,0,0,0,0,0,0,0,0,0,0,0,0,0,0,0,0,0,0,0,0,0,0,0,0,0,0,0,0,0,0,0,0,0,0,0,0,0,0,0,0,0,0,0,0,0,0,0,0,0,0,0,0,0,0,0,0,0,0,0,0,0,0,0,0,0,0,1,0,0,1,0,0,4,1,5,2,1,0,0,3,1,5,1,1,0,0,4,3,0,6,2,1,1,1,0,7,5,0,1,0,1,4,0,3,1,2,0
15085,0,0,0,0,0,0,0,0,0,0,0,0,0,0,0,0,0,0,0,0,0,0,0,0,0,0,0,0,0,0,0,0,0,0,0,0,0,0,0,0,0,0,0,0,0,0,0,0,0,0,0,0,0,0,0,0,0,0,0,0,0,0,0,0,0,0,0,0,0,0,0,2,0,0,0,0,6,0,6,0,0,0,8,3,4,6,7,2,2,4,13,0,5,5,2,17,13,4,13,4,11,4,0,0,9,3,9,45,0,0
15086,0,0,0,0,0,0,0,0,0,0,0,0,0,0,0,0,0,0,0,0,0,0,0,0,0,0,0,0,0,0,0,0,0,0,0,0,0,0,0,0,0,0,0,0,0,0,0,0,0,0,0,0,0,0,0,0,0,0,0,0,0,0,0,0,0,0,0,0,0,0,0,0,1,0,0,0,0,2,0,1,0,0,3,3,3,3,0,0,0,2,2,0,0,2,3,0,1,1,1,0,0,0,0,0,1,0,1,1,0,0
15087,0,0,0,0,0,0,0,0,0,0,0,0,0,0,0,0,0,0,0,0,0,0,0,0,0,0,0,0,0,0,0,0,0,0,0,0,0,0,0,0,0,0,0,0,0,0,0,0,0,0,0,0,0,0,0,0,0,0,0,0,0,0,0,0,0,0,0,0,0,0,1,0,0,0,0,0,2,0,3,0,5,0,0,1,0,2,1,0,0,4,4,0,3,2,1,0,0,0,2,1,1,1,0,0,0,0,0,0,0,0
15088,0,0,0,0,0,0,0,0,0,0,0,0,0,0,0,0,0,0,0,0,0,0,0,0,0,0,0,0,0,0,0,0,0,0,0,0,0,0,0,0,0,0,0,0,0,0,0,0,0,0,0,0,0,0,0,0,0,0,0,0,0,0,0,0,0,0,0,0,0,1,0,0,0,0,0,2,1,2,6,2,5,2,1,17,2,4,4,6,0,3,5,8,6,3,3,1,1,1,4,4,2,0,1,2,1,0,0,2,1,0
15089,0,0,0,0,0,0,0,0,0,0,0,0,0,0,0,0,0,0,0,0,0,0,0,0,0,0,0,0,0,0,0,0,0,0,0,0,0,0,0,0,0,0,0,0,0,0,0,0,0,0,0,0,0,0,0,0,0,0,0,0,0,0,0,0,0,0,0,0,0,1,5,1,1,0,0,0,0,0,5,6,2,0,6,4,2,4,0,1,1,0,2,3,1,3,3,3,2,2,1,0,0,0,1,0,0,0,0,1,1,0
15090,0,0,0,0,0,0,0,0,0,0,0,0,0,0,0,0,0,0,0,0,0,0,0,0,0,0,0,0,0,0,0,0,0,0,0,0,0,0,0,0,0,0,0,0,0,0,0,0,0,0,0,0,0,0,0,0,0,0,0,0,0,0,0,0,0,0,0,0,0,0,0,0,0,0,0,1,4,0,2,3,0,0,2,6,4,3,15,11,1,0,3,4,3,1,1,1,1,0,1,3,1,3,1,0,0,4,1,2,3,0
15091,0,0,0,0,0,0,0,0,0,0,0,0,0,0,0,0,0,0,0,0,0,0,0,0,0,0,0,0,0,0,0,0,0,0,0,0,0,0,0,0,0,0,0,0,0,0,0,0,0,0,0,0,0,0,0,0,0,0,0,0,0,0,0,0,0,0,0,0,0,0,0,2,0,0,0,0,1,0,7,1,0,0,6,7,8,13,16,5,7,8,8,4,5,3,6,6,0,8,5,4,2,5,2,3,0,3,1,0,0,2
16051,0,0,0,0,0,0,0,0,0,0,0,0,0,0,0,0,0,0,0,0,0,0,0,0,0,0,0,0,0,0,0,0,0,0,0,0,0,0,0,0,0,0,0,0,0,0,0,0,0,0,0,0,0,0,0,0,0,0,0,0,0,0,0,0,0,0,1,0,0,1,0,0,2,6,0,6,0,1,9,2,1,1,13,10,8,6,5,3,2,0,5,5,2,3,2,1,2,6,4,1,2,0,2,1,2,2,3,1,0,1
16052,0,0,0,0,0,0,0,0,0,0,0,0,0,0,0,0,0,0,0,0,0,0,0,0,0,0,0,0,0,0,0,0,0,0,0,0,0,0,0,0,0,0,0,0,0,0,0,0,0,0,0,0,0,0,0,0,0,0,0,0,0,0,0,0,0,0,0,0,0,0,1,0,0,0,0,0,1,2,0,0,0,0,2,1,0,1,6,5,0,0,0,4,8,2,0,0,1,3,2,9,0,2,5,0,11,8,5,1,8,3
16053,0,0,0,0,0,0,0,0,0,0,0,0,0,0,0,0,0,0,0,0,0,0,0,0,0,0,0,0,0,0,0,0,0,0,0,0,0,0,0,0,0,0,0,0,0,0,0,0,0,0,0,0,0,0,0,0,0,0,0,0,0,0,0,0,0,0,0,0,0,0,0,0,0,8,0,3,11,7,10,21,11,9,5,2,4,4,3,15,2,3,3,4,5,4,4,3,1,5,4,3,0,0,1,0,0,0,0,0,0,0
16054,0,0,0,0,0,0,0,0,0,0,0,0,0,0,0,0,0,0,0,0,0,0,0,0,0,0,0,0,0,0,0,0,0,0,0,0,0,0,0,0,0,0,0,0,0,0,0,0,0,0,0,0,0,0,0,0,0,0,0,0,0,0,0,0,0,0,0,0,0,0,0,0,1,0,0,0,0,0,0,1,2,0,0,1,0,0,0,1,0,1,0,0,1,1,1,0,1,0,0,0,0,0,0,0,0,0,0,1,0,0
16055,0,0,0,0,0,0,0,0,0,0,0,0,0,0,0,0,0,0,0,0,0,0,0,0,0,0,0,0,0,0,0,0,0,0,0,0,0,0,0,0,0,0,0,0,0,0,0,0,0,0,0,0,0,0,0,0,0,0,0,0,0,0,0,0,0,0,0,0,0,1,0,0,0,0,0,1,4,1,0,3,0,0,3,3,4,3,1,5,0,0,0,5,4,5,0,3,2,3,1,3,0,0,3,0,0,0,0,0,0,0
16056,0,0,0,0,0,0,0,0,0,0,0,0,0,0,0,0,0,0,0,0,0,0,0,0,0,0,0,0,0,0,0,0,0,0,0,0,0,0,0,0,0,0,0,0,0,0,0,0,0,0,0,0,0,0,0,0,0,0,0,0,0,0,0,0,0,0,0,0,0,1,0,0,0,0,0,0,0,0,0,0,0,0,0,1,1,1,0,0,0,0,2,0,1,1,0,0,1,0,1,2,0,0,0,0,1,0,0,0,0,1
16061,0,0,0,0,0,0,0,0,0,0,0,0,0,0,0,0,0,0,0,0,0,0,0,0,0,0,0,0,0,0,0,0,0,0,0,0,0,0,0,0,0,0,0,0,0,0,0,0,0,0,0,0,0,0,0,0,0,0,0,0,0,0,0,0,0,0,0,0,0,0,0,0,1,1,1,0,0,0,1,4,10,1,1,10,7,3,4,5,2,1,5,4,3,2,4,0,1,4,4,6,4,0,0,4,3,3,5,2,2,0
16062,0,0,0,0,0,0,0,0,0,0,0,0,0,0,0,0,0,0,0,0,0,0,0,0,0,0,0,0,0,0,0,0,0,0,0,0,0,0,0,0,0,0,0,0,0,0,0,0,0,0,0,0,0,0,0,0,0,0,0,0,0,0,0,0,0,0,0,0,0,0,0,0,2,0,0,0,0,0,0,1,0,0,3,0,1,2,2,1,1,2,0,1,4,0,1,0,0,5,1,2,1,3,5,0,1,4,1,2,5,1
16063,0,0,0,0,0,0,0,0,0,0,0,0,0,0,0,0,0,0,0,0,0,0,0,0,0,0,0,0,0,0,0,0,0,0,0,0,0,0,0,0,0,0,0,0,0,0,0,0,0,0,0,0,0,0,0,0,0,0,0,0,0,0,0,0,0,0,0,0,0,0,0,0,0,1,0,2,2,0,3,3,0,1,2,1,0,0,0,2,0,1,8,0,2,0,0,0,0,3,0,1,1,0,0,0,0,0,0,2,0,0
16064,0,0,0,0,0,0,0,0,0,0,0,0,0,0,0,0,0,0,0,0,0,0,0,0,0,0,0,0,0,0,0,0,0,0,0,0,0,0,0,0,0,0,0,0,0,0,0,0,0,0,0,0,0,0,0,0,0,0,0,0,0,0,0,0,0,0,0,0,0,0,0,0,0,0,0,1,1,0,3,0,0,0,1,1,1,2,0,0,1,5,3,2,5,5,4,0,0,6,2,4,0,5,0,0,3,2,4,0,1,0
16065,0,0,0,0,0,0,0,0,0,0,0,0,0,0,0,0,0,0,0,0,0,0,0,0,0,0,0,0,0,0,0,0,0,0,0,0,0,0,0,0,0,0,0,0,0,0,0,0,0,0,0,0,0,0,0,0,0,0,0,0,0,0,0,0,0,0,0,0,0,2,0,3,1,0,0,1,0,1,2,2,0,0,0,3,2,0,2,0,0,0,4,0,2,2,0,0,0,1,6,1,0,0,0,0,0,0,0,0,0,0
16066,0,0,0,0,0,0,0,0,0,0,0,0,0,0,0,0,0,0,0,0,0,0,0,0,0,0,0,0,0,0,0,0,0,0,0,0,0,0,0,0,0,0,0,0,0,0,0,0,0,0,0,0,0,0,0,0,0,0,0,0,0,0,0,0,0,0,0,0,0,0,0,1,1,0,0,0,3,3,3,4,0,0,2,4,2,4,3,1,0,0,2,0,1,1,2,0,0,6,6,4,2,0,0,2,4,5,4,0,1,0
16067,0,0,0,0,0,0,0,0,0,0,0,0,0,0,0,0,0,0,0,0,0,0,0,0,0,0,0,0,0,0,0,0,0,0,0,0,0,0,0,0,0,0,0,0,0,0,0,0,0,0,0,0,0,0,0,0,0,0,0,0,0,0,0,0,0,0,0,0,0,0,0,0,0,1,0,0,0,0,3,5,0,0,6,2,0,3,1,0,1,1,4,1,6,1,1,0,4,7,8,3,5,8,3,10,5,9,9,6,8,0
16068,0,0,0,0,0,0,0,0,0,0,0,0,0,0,0,0,0,0,0,0,0,0,0,0,0,0,0,0,0,0,0,0,0,0,0,0,0,0,0,0,0,0,0,0,0,0,0,0,0,0,0,0,0,0,0,0,0,0,0,0,0,0,0,0,0,0,0,0,0,0,0,0,0,0,0,0,0,0,2,1,1,2,2,1,4,6,3,0,0,0,1,3,2,0,0,1,0,1,1,1,0,0,0,0,0,0,1,0,0,0
16069,0,0,0,0,0,0,0,0,0,0,0,0,0,0,0,0,0,0,0,0,0,0,0,0,0,0,0,0,0,0,0,0,0,0,0,0,0,0,0,0,0,0,0,0,0,0,0,0,0,0,0,0,0,0,0,0,0,0,0,0,0,0,0,0,0,0,0,0,0,0,0,0,0,0,0,0,0,0,0,1,0,0,0,1,1,3,1,0,0,2,1,0,0,1,0,0,0,0,1,1,0,1,1,0,0,0,1,2,0,0
16070,0,0,0,0,0,0,0,0,0,0,0,0,0,0,0,0,0,0,0,0,0,0,0,0,0,0,0,0,0,0,0,0,0,0,0,0,0,0,0,0,0,0,0,0,0,0,0,0,0,0,0,0,0,0,0,0,0,0,0,0,0,0,0,0,0,0,0,0,0,1,0,0,0,0,0,0,1,1,1,4,2,1,2,8,9,9,12,4,0,3,7,0,9,6,13,0,4,1,2,2,0,0,0,1,0,1,3,3,2,0
16071,0,0,0,0,0,0,0,0,0,0,0,0,0,0,0,0,0,0,0,0,0,0,0,0,0,0,0,0,0,0,0,0,0,0,0,0,0,0,0,0,0,0,0,0,0,0,0,0,0,0,0,0,0,0,0,0,0,0,0,0,0,0,0,0,0,0,0,0,0,0,0,0,0,0,0,1,1,3,1,4,0,1,2,1,1,2,1,3,0,3,2,3,1,6,5,12,1,0,0,3,1,0,0,0,1,0,5,1,0,0
16072,0,0,0,0,0,0,0,0,0,0,0,0,0,0,0,0,0,0,0,0,0,0,0,0,0,0,0,0,0,0,0,0,0,0,0,0,0,0,0,0,0,0,0,0,0,0,0,0,0,0,0,0,0,0,0,0,0,0,0,0,0,0,0,0,0,0,0,0,0,0,0,0,0,0,0,0,0,0,0,5,0,1,0,3,2,3,2,4,0,2,8,2,1,2,1,0,1,2,5,3,0,2,1,1,1,0,3,2,2,0
16073,0,0,0,0,0,0,0,0,0,0,0,0,0,0,0,0,0,0,0,0,0,0,0,0,0,0,0,0,0,0,0,0,0,0,0,0,0,0,0,0,0,0,0,0,0,0,0,0,0,0,0,0,0,0,0,0,0,0,0,0,0,0,0,0,0,0,0,0,0,0,0,5,0,0,0,0,0,6,1,5,0,0,1,4,7,4,0,3,2,1,4,4,1,2,1,0,0,1,2,0,0,0,0,0,0,0,0,0,0,0
16074,0,0,0,0,0,0,0,0,0,0,0,0,0,0,0,0,0,0,0,0,0,0,0,0,0,0,0,0,0,0,0,0,0,0,0,0,0,0,0,0,0,0,0,0,0,0,0,0,0,0,0,0,0,0,0,0,0,0,0,0,0,0,0,0,0,0,0,0,0,1,0,2,0,0,0,0,1,3,6,1,3,0,0,0,3,1,1,5,0,1,2,1,4,6,0,4,1,1,1,1,1,0,0,0,0,0,0,0,0,0
16075,0,0,0,0,0,0,0,0,0,0,0,0,0,0,0,0,0,0,0,0,0,0,0,0,0,0,0,0,0,0,0,0,0,0,0,0,0,0,0,0,0,0,0,0,0,0,0,0,0,0,0,0,0,0,0,0,0,0,0,0,0,0,1,0,0,0,0,0,0,2,0,0,0,0,0,0,0,1,2,1,0,0,1,0,2,1,16,0,0,7,3,4,9,11,4,3,0,4,7,6,3,3,3,1,1,3,1,3,4,0
16076,0,0,0,0,0,0,0,0,0,0,0,0,0,0,0,0,0,0,0,0,0,0,0,0,0,0,0,0,0,0,0,0,0,0,0,0,0,0,0,0,0,0,0,0,0,0,0,0,0,0,0,0,0,0,0,0,0,0,0,0,0,0,0,0,0,0,0,0,0,0,0,0,0,1,0,2,4,8,7,8,6,9,6,7,19,17,8,10,9,2,11,11,12,9,7,12,7,13,7,13,5,3,9,1,8,2,32,7,11,8
16077,0,0,0,0,0,0,0,0,0,0,0,0,0,0,0,0,0,0,0,0,0,0,0,0,0,0,0,0,0,0,0,0,0,0,0,0,0,0,0,0,0,0,0,0,0,0,0,0,0,0,0,0,0,0,0,0,0,0,0,0,0,0,0,0,0,0,0,0,0,0,0,0,2,0,0,1,1,0,0,0,2,1,0,8,1,0,2,1,0,0,4,4,2,0,0,1,0,2,0,1,2,0,0,0,1,1,3,0,0,0
